date,N,publication_date,days_since_publication,n_diff,n_diff_pct,delay
,9,2020-04-02,,,,No Data
2020-03-13,1,2020-04-02,,1,,No Data
2020-03-14,1,2020-04-02,,1,,No Data
2020-03-15,2,2020-04-02,,2,,No Data
2020-03-16,2,2020-04-02,,2,,No Data
2020-03-17,1,2020-04-02,,1,,No Data
2020-03-18,6,2020-04-02,,6,,No Data
2020-03-19,7,2020-04-02,,7,,No Data
2020-03-20,9,2020-04-02,,9,,No Data
2020-03-21,8,2020-04-02,,8,,No Data
2020-03-22,11,2020-04-02,,11,,No Data
2020-03-23,8,2020-04-02,,8,,No Data
2020-03-24,16,2020-04-02,,16,,No Data
2020-03-25,22,2020-04-02,,22,,No Data
2020-03-26,27,2020-04-02,,27,,No Data
2020-03-27,31,2020-04-02,,31,,No Data
2020-03-28,26,2020-04-02,,26,,No Data
2020-03-29,25,2020-04-02,,25,,No Data
2020-03-30,26,2020-04-02,,26,,No Data
2020-03-31,26,2020-04-02,,26,,No Data
2020-04-01,13,2020-04-02,,13,,No Data
2020-04-02,5,2020-04-02,0,5,,Same day
,12,2020-04-03,,,,No Data
2020-03-02,1,2020-04-03,32,1,,14 Days +
2020-03-03,0,2020-04-03,31,0,0,14 Days +
2020-03-04,0,2020-04-03,30,0,0,14 Days +
2020-03-05,0,2020-04-03,29,0,0,14 Days +
2020-03-06,0,2020-04-03,28,0,0,14 Days +
2020-03-07,0,2020-04-03,27,0,0,14 Days +
2020-03-08,0,2020-04-03,26,0,0,14 Days +
2020-03-09,0,2020-04-03,25,0,0,14 Days +
2020-03-10,0,2020-04-03,24,0,0,14 Days +
2020-03-11,1,2020-04-03,23,1,,14 Days +
2020-03-12,0,2020-04-03,22,0,0,14 Days +
2020-03-13,1,2020-04-03,21,0,0,14 Days +
2020-03-14,1,2020-04-03,20,0,0,14 Days +
2020-03-15,2,2020-04-03,19,0,0,14 Days +
2020-03-16,2,2020-04-03,18,0,0,14 Days +
2020-03-17,1,2020-04-03,17,0,0,14 Days +
2020-03-18,6,2020-04-03,16,0,0,14 Days +
2020-03-19,7,2020-04-03,15,0,0,14 Days +
2020-03-20,9,2020-04-03,14,0,0,14 Days +
2020-03-21,8,2020-04-03,13,0,0,7-13 Days
2020-03-22,11,2020-04-03,12,0,0,7-13 Days
2020-03-23,9,2020-04-03,11,1,0.125,7-13 Days
2020-03-24,16,2020-04-03,10,0,0,7-13 Days
2020-03-25,22,2020-04-03,9,0,0,7-13 Days
2020-03-26,27,2020-04-03,8,0,0,7-13 Days
2020-03-27,31,2020-04-03,7,0,0,7-13 Days
2020-03-28,29,2020-04-03,6,3,0.115384615384615,5-6 Days
2020-03-29,27,2020-04-03,5,2,0.0800000000000001,5-6 Days
2020-03-30,30,2020-04-03,4,4,0.153846153846154,3-4 Days
2020-03-31,33,2020-04-03,3,7,0.269230769230769,3-4 Days
2020-04-01,23,2020-04-03,2,10,0.769230769230769,2 Days
2020-04-02,22,2020-04-03,1,17,3.4,1 Day
2020-04-03,2,2020-04-03,0,2,,Same day
,15,2020-04-04,,,,No Data
2020-03-11,1,2020-04-04,24,0,0,14 Days +
2020-03-12,0,2020-04-04,23,0,0,14 Days +
2020-03-13,1,2020-04-04,22,0,0,14 Days +
2020-03-14,1,2020-04-04,21,0,0,14 Days +
2020-03-15,2,2020-04-04,20,0,0,14 Days +
2020-03-16,2,2020-04-04,19,0,0,14 Days +
2020-03-17,1,2020-04-04,18,0,0,14 Days +
2020-03-18,6,2020-04-04,17,0,0,14 Days +
2020-03-19,7,2020-04-04,16,0,0,14 Days +
2020-03-20,9,2020-04-04,15,0,0,14 Days +
2020-03-21,8,2020-04-04,14,0,0,14 Days +
2020-03-22,11,2020-04-04,13,0,0,7-13 Days
2020-03-23,9,2020-04-04,12,0,0,7-13 Days
2020-03-24,16,2020-04-04,11,0,0,7-13 Days
2020-03-25,23,2020-04-04,10,1,0.0454545454545454,7-13 Days
2020-03-26,27,2020-04-04,9,0,0,7-13 Days
2020-03-27,31,2020-04-04,8,0,0,7-13 Days
2020-03-28,29,2020-04-04,7,0,0,7-13 Days
2020-03-29,28,2020-04-04,6,1,0.037037037037037,5-6 Days
2020-03-30,30,2020-04-04,5,0,0,5-6 Days
2020-03-31,36,2020-04-04,4,3,0.0909090909090908,3-4 Days
2020-04-01,25,2020-04-04,3,2,0.0869565217391304,3-4 Days
2020-04-02,36,2020-04-04,2,14,0.636363636363637,2 Days
2020-04-03,18,2020-04-04,1,16,8,1 Day
2020-04-04,1,2020-04-04,0,1,,Same day
,17,2020-04-05,,,,No Data
2020-03-11,1,2020-04-05,25,0,0,14 Days +
2020-03-12,0,2020-04-05,24,0,0,14 Days +
2020-03-13,1,2020-04-05,23,0,0,14 Days +
2020-03-14,1,2020-04-05,22,0,0,14 Days +
2020-03-15,2,2020-04-05,21,0,0,14 Days +
2020-03-16,2,2020-04-05,20,0,0,14 Days +
2020-03-17,1,2020-04-05,19,0,0,14 Days +
2020-03-18,6,2020-04-05,18,0,0,14 Days +
2020-03-19,7,2020-04-05,17,0,0,14 Days +
2020-03-20,9,2020-04-05,16,0,0,14 Days +
2020-03-21,8,2020-04-05,15,0,0,14 Days +
2020-03-22,11,2020-04-05,14,0,0,14 Days +
2020-03-23,9,2020-04-05,13,0,0,7-13 Days
2020-03-24,16,2020-04-05,12,0,0,7-13 Days
2020-03-25,24,2020-04-05,11,1,0.0434782608695652,7-13 Days
2020-03-26,27,2020-04-05,10,0,0,7-13 Days
2020-03-27,32,2020-04-05,9,1,0.032258064516129,7-13 Days
2020-03-28,29,2020-04-05,8,0,0,7-13 Days
2020-03-29,29,2020-04-05,7,1,0.0357142857142858,7-13 Days
2020-03-30,30,2020-04-05,6,0,0,5-6 Days
2020-03-31,36,2020-04-05,5,0,0,5-6 Days
2020-04-01,31,2020-04-05,4,6,0.24,3-4 Days
2020-04-02,43,2020-04-05,3,7,0.194444444444444,3-4 Days
2020-04-03,22,2020-04-05,2,4,0.222222222222222,2 Days
2020-04-04,6,2020-04-05,1,5,5,1 Day
2020-04-05,1,2020-04-05,0,1,,Same day
,20,2020-04-06,,,,No Data
2020-03-11,1,2020-04-06,26,0,0,14 Days +
2020-03-12,0,2020-04-06,25,0,0,14 Days +
2020-03-13,1,2020-04-06,24,0,0,14 Days +
2020-03-14,1,2020-04-06,23,0,0,14 Days +
2020-03-15,2,2020-04-06,22,0,0,14 Days +
2020-03-16,2,2020-04-06,21,0,0,14 Days +
2020-03-17,1,2020-04-06,20,0,0,14 Days +
2020-03-18,6,2020-04-06,19,0,0,14 Days +
2020-03-19,7,2020-04-06,18,0,0,14 Days +
2020-03-20,9,2020-04-06,17,0,0,14 Days +
2020-03-21,8,2020-04-06,16,0,0,14 Days +
2020-03-22,11,2020-04-06,15,0,0,14 Days +
2020-03-23,10,2020-04-06,14,1,0.111111111111111,14 Days +
2020-03-24,16,2020-04-06,13,0,0,7-13 Days
2020-03-25,24,2020-04-06,12,0,0,7-13 Days
2020-03-26,28,2020-04-06,11,1,0.037037037037037,7-13 Days
2020-03-27,33,2020-04-06,10,1,0.03125,7-13 Days
2020-03-28,29,2020-04-06,9,0,0,7-13 Days
2020-03-29,31,2020-04-06,8,2,0.0689655172413792,7-13 Days
2020-03-30,32,2020-04-06,7,2,0.0666666666666667,7-13 Days
2020-03-31,36,2020-04-06,6,0,0,5-6 Days
2020-04-01,35,2020-04-06,5,4,0.129032258064516,5-6 Days
2020-04-02,47,2020-04-06,4,4,0.0930232558139534,3-4 Days
2020-04-03,34,2020-04-06,3,12,0.545454545454545,3-4 Days
2020-04-04,17,2020-04-06,2,11,1.83333333333333,2 Days
2020-04-05,23,2020-04-06,1,22,22,1 Day
2020-04-06,13,2020-04-06,0,13,,Same day
,17,2020-04-07,,,,No Data
2020-03-11,1,2020-04-07,27,0,0,14 Days +
2020-03-12,0,2020-04-07,26,0,0,14 Days +
2020-03-13,1,2020-04-07,25,0,0,14 Days +
2020-03-14,1,2020-04-07,24,0,0,14 Days +
2020-03-15,2,2020-04-07,23,0,0,14 Days +
2020-03-16,2,2020-04-07,22,0,0,14 Days +
2020-03-17,1,2020-04-07,21,0,0,14 Days +
2020-03-18,6,2020-04-07,20,0,0,14 Days +
2020-03-19,7,2020-04-07,19,0,0,14 Days +
2020-03-20,9,2020-04-07,18,0,0,14 Days +
2020-03-21,8,2020-04-07,17,0,0,14 Days +
2020-03-22,11,2020-04-07,16,0,0,14 Days +
2020-03-23,11,2020-04-07,15,1,0.1,14 Days +
2020-03-24,17,2020-04-07,14,1,0.0625,14 Days +
2020-03-25,24,2020-04-07,13,0,0,7-13 Days
2020-03-26,30,2020-04-07,12,2,0.0714285714285714,7-13 Days
2020-03-27,33,2020-04-07,11,0,0,7-13 Days
2020-03-28,31,2020-04-07,10,2,0.0689655172413792,7-13 Days
2020-03-29,32,2020-04-07,9,1,0.032258064516129,7-13 Days
2020-03-30,38,2020-04-07,8,6,0.1875,7-13 Days
2020-03-31,37,2020-04-07,7,1,0.0277777777777777,7-13 Days
2020-04-01,40,2020-04-07,6,5,0.142857142857143,5-6 Days
2020-04-02,55,2020-04-07,5,8,0.170212765957447,5-6 Days
2020-04-03,49,2020-04-07,4,15,0.441176470588235,3-4 Days
2020-04-04,40,2020-04-07,3,23,1.35294117647059,3-4 Days
2020-04-05,49,2020-04-07,2,26,1.1304347826087,2 Days
2020-04-06,37,2020-04-07,1,24,1.84615384615385,1 Day
2020-04-07,2,2020-04-07,0,2,,Same day
,24,2020-04-08,,,,No Data
2020-03-11,1,2020-04-08,28,0,0,14 Days +
2020-03-12,0,2020-04-08,27,0,0,14 Days +
2020-03-13,1,2020-04-08,26,0,0,14 Days +
2020-03-14,1,2020-04-08,25,0,0,14 Days +
2020-03-15,2,2020-04-08,24,0,0,14 Days +
2020-03-16,2,2020-04-08,23,0,0,14 Days +
2020-03-17,2,2020-04-08,22,1,1,14 Days +
2020-03-18,6,2020-04-08,21,0,0,14 Days +
2020-03-19,7,2020-04-08,20,0,0,14 Days +
2020-03-20,10,2020-04-08,19,1,0.111111111111111,14 Days +
2020-03-21,7,2020-04-08,18,-1,-0.125,14 Days +
2020-03-22,11,2020-04-08,17,0,0,14 Days +
2020-03-23,11,2020-04-08,16,0,0,14 Days +
2020-03-24,18,2020-04-08,15,1,0.0588235294117647,14 Days +
2020-03-25,25,2020-04-08,14,1,0.0416666666666667,14 Days +
2020-03-26,29,2020-04-08,13,-1,-0.0333333333333333,7-13 Days
2020-03-27,33,2020-04-08,12,0,0,7-13 Days
2020-03-28,31,2020-04-08,11,0,0,7-13 Days
2020-03-29,34,2020-04-08,10,2,0.0625,7-13 Days
2020-03-30,38,2020-04-08,9,0,0,7-13 Days
2020-03-31,36,2020-04-08,8,-1,-0.027027027027027,7-13 Days
2020-04-01,42,2020-04-08,7,2,0.05,7-13 Days
2020-04-02,59,2020-04-08,6,4,0.0727272727272728,5-6 Days
2020-04-03,54,2020-04-08,5,5,0.102040816326531,5-6 Days
2020-04-04,48,2020-04-08,4,8,0.2,3-4 Days
2020-04-05,58,2020-04-08,3,9,0.183673469387755,3-4 Days
2020-04-06,55,2020-04-08,2,18,0.486486486486486,2 Days
2020-04-07,36,2020-04-08,1,34,17,1 Day
2020-04-08,6,2020-04-08,0,6,,Same day
,12,2020-04-09,,,,No Data
2020-03-11,1,2020-04-09,29,0,0,14 Days +
2020-03-12,0,2020-04-09,28,0,0,14 Days +
2020-03-13,1,2020-04-09,27,0,0,14 Days +
2020-03-14,1,2020-04-09,26,0,0,14 Days +
2020-03-15,2,2020-04-09,25,0,0,14 Days +
2020-03-16,2,2020-04-09,24,0,0,14 Days +
2020-03-17,2,2020-04-09,23,0,0,14 Days +
2020-03-18,6,2020-04-09,22,0,0,14 Days +
2020-03-19,7,2020-04-09,21,0,0,14 Days +
2020-03-20,10,2020-04-09,20,0,0,14 Days +
2020-03-21,7,2020-04-09,19,0,0,14 Days +
2020-03-22,12,2020-04-09,18,1,0.0909090909090908,14 Days +
2020-03-23,11,2020-04-09,17,0,0,14 Days +
2020-03-24,20,2020-04-09,16,2,0.111111111111111,14 Days +
2020-03-25,25,2020-04-09,15,0,0,14 Days +
2020-03-26,30,2020-04-09,14,1,0.0344827586206897,14 Days +
2020-03-27,32,2020-04-09,13,-1,-0.0303030303030303,7-13 Days
2020-03-28,34,2020-04-09,12,3,0.096774193548387,7-13 Days
2020-03-29,37,2020-04-09,11,3,0.088235294117647,7-13 Days
2020-03-30,41,2020-04-09,10,3,0.0789473684210527,7-13 Days
2020-03-31,42,2020-04-09,9,6,0.166666666666667,7-13 Days
2020-04-01,45,2020-04-09,8,3,0.0714285714285714,7-13 Days
2020-04-02,65,2020-04-09,7,6,0.101694915254237,7-13 Days
2020-04-03,58,2020-04-09,6,4,0.0740740740740742,5-6 Days
2020-04-04,54,2020-04-09,5,6,0.125,5-6 Days
2020-04-05,67,2020-04-09,4,9,0.155172413793103,3-4 Days
2020-04-06,66,2020-04-09,3,11,0.2,3-4 Days
2020-04-07,53,2020-04-09,2,17,0.472222222222222,2 Days
2020-04-08,47,2020-04-09,1,41,6.83333333333333,1 Day
2020-04-09,3,2020-04-09,0,3,,Same day
,13,2020-04-10,,,,No Data
2020-03-11,1,2020-04-10,30,0,0,14 Days +
2020-03-12,0,2020-04-10,29,0,0,14 Days +
2020-03-13,1,2020-04-10,28,0,0,14 Days +
2020-03-14,1,2020-04-10,27,0,0,14 Days +
2020-03-15,2,2020-04-10,26,0,0,14 Days +
2020-03-16,2,2020-04-10,25,0,0,14 Days +
2020-03-17,2,2020-04-10,24,0,0,14 Days +
2020-03-18,6,2020-04-10,23,0,0,14 Days +
2020-03-19,7,2020-04-10,22,0,0,14 Days +
2020-03-20,10,2020-04-10,21,0,0,14 Days +
2020-03-21,7,2020-04-10,20,0,0,14 Days +
2020-03-22,12,2020-04-10,19,0,0,14 Days +
2020-03-23,11,2020-04-10,18,0,0,14 Days +
2020-03-24,20,2020-04-10,17,0,0,14 Days +
2020-03-25,25,2020-04-10,16,0,0,14 Days +
2020-03-26,30,2020-04-10,15,0,0,14 Days +
2020-03-27,32,2020-04-10,14,0,0,14 Days +
2020-03-28,34,2020-04-10,13,0,0,7-13 Days
2020-03-29,37,2020-04-10,12,0,0,7-13 Days
2020-03-30,41,2020-04-10,11,0,0,7-13 Days
2020-03-31,42,2020-04-10,10,0,0,7-13 Days
2020-04-01,47,2020-04-10,9,2,0.0444444444444445,7-13 Days
2020-04-02,67,2020-04-10,8,2,0.0307692307692307,7-13 Days
2020-04-03,64,2020-04-10,7,6,0.103448275862069,7-13 Days
2020-04-04,57,2020-04-10,6,3,0.0555555555555556,5-6 Days
2020-04-05,75,2020-04-10,5,8,0.119402985074627,5-6 Days
2020-04-06,74,2020-04-10,4,8,0.121212121212121,3-4 Days
2020-04-07,60,2020-04-10,3,7,0.132075471698113,3-4 Days
2020-04-08,67,2020-04-10,2,20,0.425531914893617,2 Days
2020-04-09,20,2020-04-10,1,17,5.66666666666667,1 Day
2020-04-10,3,2020-04-10,0,3,,Same day
,13,2020-04-11,,,,No Data
2020-03-11,1,2020-04-11,31,0,0,14 Days +
2020-03-12,0,2020-04-11,30,0,0,14 Days +
2020-03-13,1,2020-04-11,29,0,0,14 Days +
2020-03-14,1,2020-04-11,28,0,0,14 Days +
2020-03-15,2,2020-04-11,27,0,0,14 Days +
2020-03-16,2,2020-04-11,26,0,0,14 Days +
2020-03-17,2,2020-04-11,25,0,0,14 Days +
2020-03-18,6,2020-04-11,24,0,0,14 Days +
2020-03-19,7,2020-04-11,23,0,0,14 Days +
2020-03-20,10,2020-04-11,22,0,0,14 Days +
2020-03-21,7,2020-04-11,21,0,0,14 Days +
2020-03-22,12,2020-04-11,20,0,0,14 Days +
2020-03-23,11,2020-04-11,19,0,0,14 Days +
2020-03-24,20,2020-04-11,18,0,0,14 Days +
2020-03-25,25,2020-04-11,17,0,0,14 Days +
2020-03-26,30,2020-04-11,16,0,0,14 Days +
2020-03-27,32,2020-04-11,15,0,0,14 Days +
2020-03-28,34,2020-04-11,14,0,0,14 Days +
2020-03-29,37,2020-04-11,13,0,0,7-13 Days
2020-03-30,41,2020-04-11,12,0,0,7-13 Days
2020-03-31,42,2020-04-11,11,0,0,7-13 Days
2020-04-01,47,2020-04-11,10,0,0,7-13 Days
2020-04-02,67,2020-04-11,9,0,0,7-13 Days
2020-04-03,65,2020-04-11,8,1,0.015625,7-13 Days
2020-04-04,57,2020-04-11,7,0,0,7-13 Days
2020-04-05,75,2020-04-11,6,0,0,5-6 Days
2020-04-06,74,2020-04-11,5,0,0,5-6 Days
2020-04-07,60,2020-04-11,4,0,0,3-4 Days
2020-04-08,70,2020-04-11,3,3,0.044776119402985,3-4 Days
2020-04-09,23,2020-04-11,2,3,0.15,2 Days
2020-04-10,13,2020-04-11,1,10,3.33333333333333,1 Day
,13,2020-04-12,,,,No Data
2020-03-11,1,2020-04-12,32,0,0,14 Days +
2020-03-12,0,2020-04-12,31,0,0,14 Days +
2020-03-13,1,2020-04-12,30,0,0,14 Days +
2020-03-14,1,2020-04-12,29,0,0,14 Days +
2020-03-15,2,2020-04-12,28,0,0,14 Days +
2020-03-16,2,2020-04-12,27,0,0,14 Days +
2020-03-17,2,2020-04-12,26,0,0,14 Days +
2020-03-18,6,2020-04-12,25,0,0,14 Days +
2020-03-19,7,2020-04-12,24,0,0,14 Days +
2020-03-20,10,2020-04-12,23,0,0,14 Days +
2020-03-21,7,2020-04-12,22,0,0,14 Days +
2020-03-22,12,2020-04-12,21,0,0,14 Days +
2020-03-23,11,2020-04-12,20,0,0,14 Days +
2020-03-24,20,2020-04-12,19,0,0,14 Days +
2020-03-25,25,2020-04-12,18,0,0,14 Days +
2020-03-26,30,2020-04-12,17,0,0,14 Days +
2020-03-27,32,2020-04-12,16,0,0,14 Days +
2020-03-28,34,2020-04-12,15,0,0,14 Days +
2020-03-29,37,2020-04-12,14,0,0,14 Days +
2020-03-30,41,2020-04-12,13,0,0,7-13 Days
2020-03-31,42,2020-04-12,12,0,0,7-13 Days
2020-04-01,47,2020-04-12,11,0,0,7-13 Days
2020-04-02,67,2020-04-12,10,0,0,7-13 Days
2020-04-03,65,2020-04-12,9,0,0,7-13 Days
2020-04-04,57,2020-04-12,8,0,0,7-13 Days
2020-04-05,75,2020-04-12,7,0,0,7-13 Days
2020-04-06,74,2020-04-12,6,0,0,5-6 Days
2020-04-07,60,2020-04-12,5,0,0,5-6 Days
2020-04-08,70,2020-04-12,4,0,0,3-4 Days
2020-04-09,24,2020-04-12,3,1,0.0434782608695652,3-4 Days
2020-04-10,14,2020-04-12,2,1,0.0769230769230769,2 Days
2020-04-11,8,2020-04-12,1,8,,1 Day
2020-04-12,2,2020-04-12,0,2,,Same day
,13,2020-04-13,,,,No Data
2020-03-11,1,2020-04-13,33,0,0,14 Days +
2020-03-12,0,2020-04-13,32,0,0,14 Days +
2020-03-13,1,2020-04-13,31,0,0,14 Days +
2020-03-14,1,2020-04-13,30,0,0,14 Days +
2020-03-15,2,2020-04-13,29,0,0,14 Days +
2020-03-16,2,2020-04-13,28,0,0,14 Days +
2020-03-17,2,2020-04-13,27,0,0,14 Days +
2020-03-18,6,2020-04-13,26,0,0,14 Days +
2020-03-19,7,2020-04-13,25,0,0,14 Days +
2020-03-20,10,2020-04-13,24,0,0,14 Days +
2020-03-21,7,2020-04-13,23,0,0,14 Days +
2020-03-22,12,2020-04-13,22,0,0,14 Days +
2020-03-23,11,2020-04-13,21,0,0,14 Days +
2020-03-24,20,2020-04-13,20,0,0,14 Days +
2020-03-25,25,2020-04-13,19,0,0,14 Days +
2020-03-26,30,2020-04-13,18,0,0,14 Days +
2020-03-27,32,2020-04-13,17,0,0,14 Days +
2020-03-28,34,2020-04-13,16,0,0,14 Days +
2020-03-29,37,2020-04-13,15,0,0,14 Days +
2020-03-30,41,2020-04-13,14,0,0,14 Days +
2020-03-31,42,2020-04-13,13,0,0,7-13 Days
2020-04-01,47,2020-04-13,12,0,0,7-13 Days
2020-04-02,67,2020-04-13,11,0,0,7-13 Days
2020-04-03,65,2020-04-13,10,0,0,7-13 Days
2020-04-04,57,2020-04-13,9,0,0,7-13 Days
2020-04-05,75,2020-04-13,8,0,0,7-13 Days
2020-04-06,74,2020-04-13,7,0,0,7-13 Days
2020-04-07,60,2020-04-13,6,0,0,5-6 Days
2020-04-08,70,2020-04-13,5,0,0,5-6 Days
2020-04-09,26,2020-04-13,4,2,0.0833333333333333,3-4 Days
2020-04-10,17,2020-04-13,3,3,0.214285714285714,3-4 Days
2020-04-11,14,2020-04-13,2,6,0.75,2 Days
2020-04-12,9,2020-04-13,1,7,3.5,1 Day
2020-04-13,2,2020-04-13,0,2,,Same day
,15,2020-04-14,,,,No Data
2020-03-11,1,2020-04-14,34,0,0,14 Days +
2020-03-12,0,2020-04-14,33,0,0,14 Days +
2020-03-13,1,2020-04-14,32,0,0,14 Days +
2020-03-14,1,2020-04-14,31,0,0,14 Days +
2020-03-15,2,2020-04-14,30,0,0,14 Days +
2020-03-16,2,2020-04-14,29,0,0,14 Days +
2020-03-17,1,2020-04-14,28,-1,-0.5,14 Days +
2020-03-18,6,2020-04-14,27,0,0,14 Days +
2020-03-19,7,2020-04-14,26,0,0,14 Days +
2020-03-20,10,2020-04-14,25,0,0,14 Days +
2020-03-21,7,2020-04-14,24,0,0,14 Days +
2020-03-22,12,2020-04-14,23,0,0,14 Days +
2020-03-23,11,2020-04-14,22,0,0,14 Days +
2020-03-24,20,2020-04-14,21,0,0,14 Days +
2020-03-25,25,2020-04-14,20,0,0,14 Days +
2020-03-26,30,2020-04-14,19,0,0,14 Days +
2020-03-27,32,2020-04-14,18,0,0,14 Days +
2020-03-28,35,2020-04-14,17,1,0.0294117647058823,14 Days +
2020-03-29,38,2020-04-14,16,1,0.027027027027027,14 Days +
2020-03-30,42,2020-04-14,15,1,0.024390243902439,14 Days +
2020-03-31,43,2020-04-14,14,1,0.0238095238095237,14 Days +
2020-04-01,48,2020-04-14,13,1,0.0212765957446808,7-13 Days
2020-04-02,69,2020-04-14,12,2,0.0298507462686568,7-13 Days
2020-04-03,68,2020-04-14,11,3,0.0461538461538462,7-13 Days
2020-04-04,59,2020-04-14,10,2,0.0350877192982457,7-13 Days
2020-04-05,76,2020-04-14,9,1,0.0133333333333334,7-13 Days
2020-04-06,71,2020-04-14,8,-3,-0.0405405405405406,7-13 Days
2020-04-07,65,2020-04-14,7,5,0.0833333333333333,7-13 Days
2020-04-08,77,2020-04-14,6,7,0.1,5-6 Days
2020-04-09,43,2020-04-14,5,17,0.653846153846154,5-6 Days
2020-04-10,31,2020-04-14,4,14,0.823529411764706,3-4 Days
2020-04-11,26,2020-04-14,3,12,0.857142857142857,3-4 Days
2020-04-12,33,2020-04-14,2,24,2.66666666666667,2 Days
2020-04-13,21,2020-04-14,1,19,9.5,1 Day
2020-04-14,5,2020-04-14,0,5,,Same day
,18,2020-04-15,,,,No Data
2020-03-11,1,2020-04-15,35,0,0,14 Days +
2020-03-12,0,2020-04-15,34,0,0,14 Days +
2020-03-13,1,2020-04-15,33,0,0,14 Days +
2020-03-14,1,2020-04-15,32,0,0,14 Days +
2020-03-15,2,2020-04-15,31,0,0,14 Days +
2020-03-16,2,2020-04-15,30,0,0,14 Days +
2020-03-17,1,2020-04-15,29,0,0,14 Days +
2020-03-18,6,2020-04-15,28,0,0,14 Days +
2020-03-19,7,2020-04-15,27,0,0,14 Days +
2020-03-20,10,2020-04-15,26,0,0,14 Days +
2020-03-21,7,2020-04-15,25,0,0,14 Days +
2020-03-22,12,2020-04-15,24,0,0,14 Days +
2020-03-23,11,2020-04-15,23,0,0,14 Days +
2020-03-24,20,2020-04-15,22,0,0,14 Days +
2020-03-25,25,2020-04-15,21,0,0,14 Days +
2020-03-26,30,2020-04-15,20,0,0,14 Days +
2020-03-27,32,2020-04-15,19,0,0,14 Days +
2020-03-28,35,2020-04-15,18,0,0,14 Days +
2020-03-29,38,2020-04-15,17,0,0,14 Days +
2020-03-30,42,2020-04-15,16,0,0,14 Days +
2020-03-31,43,2020-04-15,15,0,0,14 Days +
2020-04-01,49,2020-04-15,14,1,0.0208333333333333,14 Days +
2020-04-02,68,2020-04-15,13,-1,-0.0144927536231884,7-13 Days
2020-04-03,69,2020-04-15,12,1,0.0147058823529411,7-13 Days
2020-04-04,60,2020-04-15,11,1,0.0169491525423728,7-13 Days
2020-04-05,78,2020-04-15,10,2,0.0263157894736843,7-13 Days
2020-04-06,82,2020-04-15,9,11,0.154929577464789,7-13 Days
2020-04-07,70,2020-04-15,8,5,0.0769230769230769,7-13 Days
2020-04-08,90,2020-04-15,7,13,0.168831168831169,7-13 Days
2020-04-09,55,2020-04-15,6,12,0.279069767441861,5-6 Days
2020-04-10,52,2020-04-15,5,21,0.67741935483871,5-6 Days
2020-04-11,50,2020-04-15,4,24,0.923076923076923,3-4 Days
2020-04-12,54,2020-04-15,3,21,0.636363636363637,3-4 Days
2020-04-13,45,2020-04-15,2,24,1.14285714285714,2 Days
2020-04-14,31,2020-04-15,1,26,5.2,1 Day
2020-04-15,6,2020-04-15,0,6,,Same day
,18,2020-04-16,,,,No Data
2020-03-11,1,2020-04-16,36,0,0,14 Days +
2020-03-12,0,2020-04-16,35,0,0,14 Days +
2020-03-13,1,2020-04-16,34,0,0,14 Days +
2020-03-14,1,2020-04-16,33,0,0,14 Days +
2020-03-15,2,2020-04-16,32,0,0,14 Days +
2020-03-16,2,2020-04-16,31,0,0,14 Days +
2020-03-17,1,2020-04-16,30,0,0,14 Days +
2020-03-18,6,2020-04-16,29,0,0,14 Days +
2020-03-19,7,2020-04-16,28,0,0,14 Days +
2020-03-20,10,2020-04-16,27,0,0,14 Days +
2020-03-21,7,2020-04-16,26,0,0,14 Days +
2020-03-22,12,2020-04-16,25,0,0,14 Days +
2020-03-23,11,2020-04-16,24,0,0,14 Days +
2020-03-24,20,2020-04-16,23,0,0,14 Days +
2020-03-25,25,2020-04-16,22,0,0,14 Days +
2020-03-26,30,2020-04-16,21,0,0,14 Days +
2020-03-27,32,2020-04-16,20,0,0,14 Days +
2020-03-28,35,2020-04-16,19,0,0,14 Days +
2020-03-29,38,2020-04-16,18,0,0,14 Days +
2020-03-30,42,2020-04-16,17,0,0,14 Days +
2020-03-31,43,2020-04-16,16,0,0,14 Days +
2020-04-01,50,2020-04-16,15,1,0.0204081632653061,14 Days +
2020-04-02,68,2020-04-16,14,0,0,14 Days +
2020-04-03,71,2020-04-16,13,2,0.0289855072463767,7-13 Days
2020-04-04,61,2020-04-16,12,1,0.0166666666666666,7-13 Days
2020-04-05,79,2020-04-16,11,1,0.0128205128205128,7-13 Days
2020-04-06,85,2020-04-16,10,3,0.0365853658536586,7-13 Days
2020-04-07,75,2020-04-16,9,5,0.0714285714285714,7-13 Days
2020-04-08,97,2020-04-16,8,7,0.0777777777777777,7-13 Days
2020-04-09,63,2020-04-16,7,8,0.145454545454546,7-13 Days
2020-04-10,62,2020-04-16,6,10,0.192307692307692,5-6 Days
2020-04-11,61,2020-04-16,5,11,0.22,5-6 Days
2020-04-12,62,2020-04-16,4,8,0.148148148148148,3-4 Days
2020-04-13,55,2020-04-16,3,10,0.222222222222222,3-4 Days
2020-04-14,49,2020-04-16,2,18,0.580645161290323,2 Days
2020-04-15,41,2020-04-16,1,35,5.83333333333333,1 Day
2020-04-16,10,2020-04-16,0,10,,Same day
,17,2020-04-17,,,,No Data
2020-03-11,1,2020-04-17,37,0,0,14 Days +
2020-03-12,0,2020-04-17,36,0,0,14 Days +
2020-03-13,1,2020-04-17,35,0,0,14 Days +
2020-03-14,1,2020-04-17,34,0,0,14 Days +
2020-03-15,2,2020-04-17,33,0,0,14 Days +
2020-03-16,2,2020-04-17,32,0,0,14 Days +
2020-03-17,1,2020-04-17,31,0,0,14 Days +
2020-03-18,6,2020-04-17,30,0,0,14 Days +
2020-03-19,7,2020-04-17,29,0,0,14 Days +
2020-03-20,10,2020-04-17,28,0,0,14 Days +
2020-03-21,7,2020-04-17,27,0,0,14 Days +
2020-03-22,12,2020-04-17,26,0,0,14 Days +
2020-03-23,11,2020-04-17,25,0,0,14 Days +
2020-03-24,20,2020-04-17,24,0,0,14 Days +
2020-03-25,25,2020-04-17,23,0,0,14 Days +
2020-03-26,29,2020-04-17,22,-1,-0.0333333333333333,14 Days +
2020-03-27,32,2020-04-17,21,0,0,14 Days +
2020-03-28,35,2020-04-17,20,0,0,14 Days +
2020-03-29,38,2020-04-17,19,0,0,14 Days +
2020-03-30,43,2020-04-17,18,1,0.0238095238095237,14 Days +
2020-03-31,44,2020-04-17,17,1,0.0232558139534884,14 Days +
2020-04-01,50,2020-04-17,16,0,0,14 Days +
2020-04-02,67,2020-04-17,15,-1,-0.0147058823529411,14 Days +
2020-04-03,75,2020-04-17,14,4,0.056338028169014,14 Days +
2020-04-04,66,2020-04-17,13,5,0.0819672131147542,7-13 Days
2020-04-05,79,2020-04-17,12,0,0,7-13 Days
2020-04-06,87,2020-04-17,11,2,0.0235294117647058,7-13 Days
2020-04-07,76,2020-04-17,10,1,0.0133333333333334,7-13 Days
2020-04-08,99,2020-04-17,9,2,0.0206185567010309,7-13 Days
2020-04-09,66,2020-04-17,8,3,0.0476190476190477,7-13 Days
2020-04-10,62,2020-04-17,7,0,0,7-13 Days
2020-04-11,63,2020-04-17,6,2,0.0327868852459017,5-6 Days
2020-04-12,67,2020-04-17,5,5,0.0806451612903225,5-6 Days
2020-04-13,56,2020-04-17,4,1,0.0181818181818181,3-4 Days
2020-04-14,56,2020-04-17,3,7,0.142857142857143,3-4 Days
2020-04-15,45,2020-04-17,2,4,0.0975609756097562,2 Days
2020-04-16,38,2020-04-17,1,28,2.8,1 Day
2020-04-17,4,2020-04-17,0,4,,Same day
,19,2020-04-18,,,,No Data
2020-03-11,1,2020-04-18,38,0,0,14 Days +
2020-03-12,0,2020-04-18,37,0,0,14 Days +
2020-03-13,1,2020-04-18,36,0,0,14 Days +
2020-03-14,1,2020-04-18,35,0,0,14 Days +
2020-03-15,2,2020-04-18,34,0,0,14 Days +
2020-03-16,2,2020-04-18,33,0,0,14 Days +
2020-03-17,1,2020-04-18,32,0,0,14 Days +
2020-03-18,6,2020-04-18,31,0,0,14 Days +
2020-03-19,7,2020-04-18,30,0,0,14 Days +
2020-03-20,10,2020-04-18,29,0,0,14 Days +
2020-03-21,7,2020-04-18,28,0,0,14 Days +
2020-03-22,12,2020-04-18,27,0,0,14 Days +
2020-03-23,11,2020-04-18,26,0,0,14 Days +
2020-03-24,20,2020-04-18,25,0,0,14 Days +
2020-03-25,25,2020-04-18,24,0,0,14 Days +
2020-03-26,29,2020-04-18,23,0,0,14 Days +
2020-03-27,32,2020-04-18,22,0,0,14 Days +
2020-03-28,35,2020-04-18,21,0,0,14 Days +
2020-03-29,38,2020-04-18,20,0,0,14 Days +
2020-03-30,44,2020-04-18,19,1,0.0232558139534884,14 Days +
2020-03-31,45,2020-04-18,18,1,0.0227272727272727,14 Days +
2020-04-01,50,2020-04-18,17,0,0,14 Days +
2020-04-02,67,2020-04-18,16,0,0,14 Days +
2020-04-03,78,2020-04-18,15,3,0.04,14 Days +
2020-04-04,68,2020-04-18,14,2,0.0303030303030303,14 Days +
2020-04-05,81,2020-04-18,13,2,0.0253164556962024,7-13 Days
2020-04-06,88,2020-04-18,12,1,0.0114942528735633,7-13 Days
2020-04-07,77,2020-04-18,11,1,0.013157894736842,7-13 Days
2020-04-08,101,2020-04-18,10,2,0.0202020202020201,7-13 Days
2020-04-09,73,2020-04-18,9,7,0.106060606060606,7-13 Days
2020-04-10,73,2020-04-18,8,11,0.17741935483871,7-13 Days
2020-04-11,73,2020-04-18,7,10,0.158730158730159,7-13 Days
2020-04-12,76,2020-04-18,6,9,0.134328358208955,5-6 Days
2020-04-13,62,2020-04-18,5,6,0.107142857142857,5-6 Days
2020-04-14,60,2020-04-18,4,4,0.0714285714285714,3-4 Days
2020-04-15,55,2020-04-18,3,10,0.222222222222222,3-4 Days
2020-04-16,59,2020-04-18,2,21,0.552631578947368,2 Days
2020-04-17,20,2020-04-18,1,16,4,1 Day
2020-04-18,2,2020-04-18,0,2,,Same day
,19,2020-04-19,,,,No Data
2020-03-11,1,2020-04-19,39,0,0,14 Days +
2020-03-12,0,2020-04-19,38,0,0,14 Days +
2020-03-13,1,2020-04-19,37,0,0,14 Days +
2020-03-14,1,2020-04-19,36,0,0,14 Days +
2020-03-15,2,2020-04-19,35,0,0,14 Days +
2020-03-16,2,2020-04-19,34,0,0,14 Days +
2020-03-17,1,2020-04-19,33,0,0,14 Days +
2020-03-18,6,2020-04-19,32,0,0,14 Days +
2020-03-19,7,2020-04-19,31,0,0,14 Days +
2020-03-20,10,2020-04-19,30,0,0,14 Days +
2020-03-21,7,2020-04-19,29,0,0,14 Days +
2020-03-22,12,2020-04-19,28,0,0,14 Days +
2020-03-23,11,2020-04-19,27,0,0,14 Days +
2020-03-24,20,2020-04-19,26,0,0,14 Days +
2020-03-25,25,2020-04-19,25,0,0,14 Days +
2020-03-26,29,2020-04-19,24,0,0,14 Days +
2020-03-27,32,2020-04-19,23,0,0,14 Days +
2020-03-28,35,2020-04-19,22,0,0,14 Days +
2020-03-29,38,2020-04-19,21,0,0,14 Days +
2020-03-30,44,2020-04-19,20,0,0,14 Days +
2020-03-31,45,2020-04-19,19,0,0,14 Days +
2020-04-01,51,2020-04-19,18,1,0.02,14 Days +
2020-04-02,67,2020-04-19,17,0,0,14 Days +
2020-04-03,79,2020-04-19,16,1,0.0128205128205128,14 Days +
2020-04-04,68,2020-04-19,15,0,0,14 Days +
2020-04-05,81,2020-04-19,14,0,0,14 Days +
2020-04-06,90,2020-04-19,13,2,0.0227272727272727,7-13 Days
2020-04-07,78,2020-04-19,12,1,0.0129870129870129,7-13 Days
2020-04-08,102,2020-04-19,11,1,0.00990099009900991,7-13 Days
2020-04-09,75,2020-04-19,10,2,0.0273972602739727,7-13 Days
2020-04-10,75,2020-04-19,9,2,0.0273972602739727,7-13 Days
2020-04-11,74,2020-04-19,8,1,0.0136986301369864,7-13 Days
2020-04-12,79,2020-04-19,7,3,0.0394736842105263,7-13 Days
2020-04-13,63,2020-04-19,6,1,0.0161290322580645,5-6 Days
2020-04-14,60,2020-04-19,5,0,0,5-6 Days
2020-04-15,56,2020-04-19,4,1,0.0181818181818181,3-4 Days
2020-04-16,61,2020-04-19,3,2,0.0338983050847457,3-4 Days
2020-04-17,23,2020-04-19,2,3,0.15,2 Days
2020-04-18,9,2020-04-19,1,7,3.5,1 Day
2020-04-19,1,2020-04-19,0,1,,Same day
,20,2020-04-20,,,,No Data
2020-03-11,1,2020-04-20,40,0,0,14 Days +
2020-03-12,0,2020-04-20,39,0,0,14 Days +
2020-03-13,1,2020-04-20,38,0,0,14 Days +
2020-03-14,1,2020-04-20,37,0,0,14 Days +
2020-03-15,2,2020-04-20,36,0,0,14 Days +
2020-03-16,2,2020-04-20,35,0,0,14 Days +
2020-03-17,1,2020-04-20,34,0,0,14 Days +
2020-03-18,6,2020-04-20,33,0,0,14 Days +
2020-03-19,7,2020-04-20,32,0,0,14 Days +
2020-03-20,10,2020-04-20,31,0,0,14 Days +
2020-03-21,7,2020-04-20,30,0,0,14 Days +
2020-03-22,12,2020-04-20,29,0,0,14 Days +
2020-03-23,11,2020-04-20,28,0,0,14 Days +
2020-03-24,20,2020-04-20,27,0,0,14 Days +
2020-03-25,25,2020-04-20,26,0,0,14 Days +
2020-03-26,29,2020-04-20,25,0,0,14 Days +
2020-03-27,32,2020-04-20,24,0,0,14 Days +
2020-03-28,35,2020-04-20,23,0,0,14 Days +
2020-03-29,38,2020-04-20,22,0,0,14 Days +
2020-03-30,44,2020-04-20,21,0,0,14 Days +
2020-03-31,45,2020-04-20,20,0,0,14 Days +
2020-04-01,51,2020-04-20,19,0,0,14 Days +
2020-04-02,67,2020-04-20,18,0,0,14 Days +
2020-04-03,79,2020-04-20,17,0,0,14 Days +
2020-04-04,68,2020-04-20,16,0,0,14 Days +
2020-04-05,81,2020-04-20,15,0,0,14 Days +
2020-04-06,90,2020-04-20,14,0,0,14 Days +
2020-04-07,78,2020-04-20,13,0,0,7-13 Days
2020-04-08,102,2020-04-20,12,0,0,7-13 Days
2020-04-09,76,2020-04-20,11,1,0.0133333333333334,7-13 Days
2020-04-10,75,2020-04-20,10,0,0,7-13 Days
2020-04-11,74,2020-04-20,9,0,0,7-13 Days
2020-04-12,79,2020-04-20,8,0,0,7-13 Days
2020-04-13,63,2020-04-20,7,0,0,7-13 Days
2020-04-14,60,2020-04-20,6,0,0,5-6 Days
2020-04-15,57,2020-04-20,5,1,0.0178571428571428,5-6 Days
2020-04-16,63,2020-04-20,4,2,0.0327868852459017,3-4 Days
2020-04-17,30,2020-04-20,3,7,0.304347826086957,3-4 Days
2020-04-18,19,2020-04-20,2,10,1.11111111111111,2 Days
2020-04-19,17,2020-04-20,1,16,16,1 Day
2020-04-20,2,2020-04-20,0,2,,Same day
,19,2020-04-21,,,,No Data
2020-03-11,1,2020-04-21,41,0,0,14 Days +
2020-03-12,0,2020-04-21,40,0,0,14 Days +
2020-03-13,1,2020-04-21,39,0,0,14 Days +
2020-03-14,1,2020-04-21,38,0,0,14 Days +
2020-03-15,2,2020-04-21,37,0,0,14 Days +
2020-03-16,2,2020-04-21,36,0,0,14 Days +
2020-03-17,1,2020-04-21,35,0,0,14 Days +
2020-03-18,6,2020-04-21,34,0,0,14 Days +
2020-03-19,7,2020-04-21,33,0,0,14 Days +
2020-03-20,10,2020-04-21,32,0,0,14 Days +
2020-03-21,7,2020-04-21,31,0,0,14 Days +
2020-03-22,12,2020-04-21,30,0,0,14 Days +
2020-03-23,11,2020-04-21,29,0,0,14 Days +
2020-03-24,20,2020-04-21,28,0,0,14 Days +
2020-03-25,25,2020-04-21,27,0,0,14 Days +
2020-03-26,29,2020-04-21,26,0,0,14 Days +
2020-03-27,32,2020-04-21,25,0,0,14 Days +
2020-03-28,35,2020-04-21,24,0,0,14 Days +
2020-03-29,39,2020-04-21,23,1,0.0263157894736843,14 Days +
2020-03-30,44,2020-04-21,22,0,0,14 Days +
2020-03-31,45,2020-04-21,21,0,0,14 Days +
2020-04-01,52,2020-04-21,20,1,0.0196078431372548,14 Days +
2020-04-02,67,2020-04-21,19,0,0,14 Days +
2020-04-03,81,2020-04-21,18,2,0.0253164556962024,14 Days +
2020-04-04,69,2020-04-21,17,1,0.0147058823529411,14 Days +
2020-04-05,82,2020-04-21,16,1,0.0123456790123457,14 Days +
2020-04-06,90,2020-04-21,15,0,0,14 Days +
2020-04-07,81,2020-04-21,14,3,0.0384615384615385,14 Days +
2020-04-08,106,2020-04-21,13,4,0.0392156862745099,7-13 Days
2020-04-09,79,2020-04-21,12,3,0.0394736842105263,7-13 Days
2020-04-10,78,2020-04-21,11,3,0.04,7-13 Days
2020-04-11,84,2020-04-21,10,10,0.135135135135135,7-13 Days
2020-04-12,86,2020-04-21,9,7,0.0886075949367089,7-13 Days
2020-04-13,72,2020-04-21,8,9,0.142857142857143,7-13 Days
2020-04-14,67,2020-04-21,7,7,0.116666666666667,7-13 Days
2020-04-15,77,2020-04-21,6,20,0.350877192982456,5-6 Days
2020-04-16,78,2020-04-21,5,15,0.238095238095238,5-6 Days
2020-04-17,49,2020-04-21,4,19,0.633333333333333,3-4 Days
2020-04-18,51,2020-04-21,3,32,1.68421052631579,3-4 Days
2020-04-19,43,2020-04-21,2,26,1.52941176470588,2 Days
2020-04-20,21,2020-04-21,1,19,9.5,1 Day
2020-04-21,3,2020-04-21,0,3,,Same day
,18,2020-04-22,,,,No Data
2020-03-11,1,2020-04-22,42,0,0,14 Days +
2020-03-12,0,2020-04-22,41,0,0,14 Days +
2020-03-13,1,2020-04-22,40,0,0,14 Days +
2020-03-14,1,2020-04-22,39,0,0,14 Days +
2020-03-15,2,2020-04-22,38,0,0,14 Days +
2020-03-16,2,2020-04-22,37,0,0,14 Days +
2020-03-17,1,2020-04-22,36,0,0,14 Days +
2020-03-18,6,2020-04-22,35,0,0,14 Days +
2020-03-19,7,2020-04-22,34,0,0,14 Days +
2020-03-20,10,2020-04-22,33,0,0,14 Days +
2020-03-21,7,2020-04-22,32,0,0,14 Days +
2020-03-22,12,2020-04-22,31,0,0,14 Days +
2020-03-23,11,2020-04-22,30,0,0,14 Days +
2020-03-24,21,2020-04-22,29,1,0.05,14 Days +
2020-03-25,24,2020-04-22,28,-1,-0.04,14 Days +
2020-03-26,29,2020-04-22,27,0,0,14 Days +
2020-03-27,32,2020-04-22,26,0,0,14 Days +
2020-03-28,35,2020-04-22,25,0,0,14 Days +
2020-03-29,39,2020-04-22,24,0,0,14 Days +
2020-03-30,44,2020-04-22,23,0,0,14 Days +
2020-03-31,46,2020-04-22,22,1,0.0222222222222221,14 Days +
2020-04-01,51,2020-04-22,21,-1,-0.0192307692307693,14 Days +
2020-04-02,69,2020-04-22,20,2,0.0298507462686568,14 Days +
2020-04-03,81,2020-04-22,19,0,0,14 Days +
2020-04-04,71,2020-04-22,18,2,0.0289855072463767,14 Days +
2020-04-05,84,2020-04-22,17,2,0.024390243902439,14 Days +
2020-04-06,89,2020-04-22,16,-1,-0.0111111111111111,14 Days +
2020-04-07,82,2020-04-22,15,1,0.0123456790123457,14 Days +
2020-04-08,110,2020-04-22,14,4,0.0377358490566038,14 Days +
2020-04-09,85,2020-04-22,13,6,0.0759493670886076,7-13 Days
2020-04-10,84,2020-04-22,12,6,0.0769230769230769,7-13 Days
2020-04-11,93,2020-04-22,11,9,0.107142857142857,7-13 Days
2020-04-12,94,2020-04-22,10,8,0.0930232558139534,7-13 Days
2020-04-13,84,2020-04-22,9,12,0.166666666666667,7-13 Days
2020-04-14,81,2020-04-22,8,14,0.208955223880597,7-13 Days
2020-04-15,96,2020-04-22,7,19,0.246753246753247,7-13 Days
2020-04-16,96,2020-04-22,6,18,0.230769230769231,5-6 Days
2020-04-17,57,2020-04-22,5,8,0.163265306122449,5-6 Days
2020-04-18,59,2020-04-22,4,8,0.156862745098039,3-4 Days
2020-04-19,53,2020-04-22,3,10,0.232558139534884,3-4 Days
2020-04-20,46,2020-04-22,2,25,1.19047619047619,2 Days
2020-04-21,18,2020-04-22,1,15,5,1 Day
2020-04-22,5,2020-04-22,0,5,,Same day
,15,2020-04-23,,,,No Data
2020-03-11,1,2020-04-23,43,0,0,14 Days +
2020-03-12,0,2020-04-23,42,0,0,14 Days +
2020-03-13,1,2020-04-23,41,0,0,14 Days +
2020-03-14,1,2020-04-23,40,0,0,14 Days +
2020-03-15,2,2020-04-23,39,0,0,14 Days +
2020-03-16,2,2020-04-23,38,0,0,14 Days +
2020-03-17,1,2020-04-23,37,0,0,14 Days +
2020-03-18,6,2020-04-23,36,0,0,14 Days +
2020-03-19,7,2020-04-23,35,0,0,14 Days +
2020-03-20,9,2020-04-23,34,-1,-0.1,14 Days +
2020-03-21,8,2020-04-23,33,1,0.142857142857143,14 Days +
2020-03-22,12,2020-04-23,32,0,0,14 Days +
2020-03-23,11,2020-04-23,31,0,0,14 Days +
2020-03-24,20,2020-04-23,30,-1,-0.0476190476190477,14 Days +
2020-03-25,23,2020-04-23,29,-1,-0.0416666666666666,14 Days +
2020-03-26,31,2020-04-23,28,2,0.0689655172413792,14 Days +
2020-03-27,32,2020-04-23,27,0,0,14 Days +
2020-03-28,35,2020-04-23,26,0,0,14 Days +
2020-03-29,39,2020-04-23,25,0,0,14 Days +
2020-03-30,43,2020-04-23,24,-1,-0.0227272727272727,14 Days +
2020-03-31,47,2020-04-23,23,1,0.0217391304347827,14 Days +
2020-04-01,52,2020-04-23,22,1,0.0196078431372548,14 Days +
2020-04-02,69,2020-04-23,21,0,0,14 Days +
2020-04-03,78,2020-04-23,20,-3,-0.0370370370370371,14 Days +
2020-04-04,71,2020-04-23,19,0,0,14 Days +
2020-04-05,86,2020-04-23,18,2,0.0238095238095237,14 Days +
2020-04-06,91,2020-04-23,17,2,0.0224719101123596,14 Days +
2020-04-07,83,2020-04-23,16,1,0.0121951219512195,14 Days +
2020-04-08,111,2020-04-23,15,1,0.00909090909090904,14 Days +
2020-04-09,84,2020-04-23,14,-1,-0.0117647058823529,14 Days +
2020-04-10,89,2020-04-23,13,5,0.0595238095238095,7-13 Days
2020-04-11,96,2020-04-23,12,3,0.032258064516129,7-13 Days
2020-04-12,95,2020-04-23,11,1,0.0106382978723405,7-13 Days
2020-04-13,84,2020-04-23,10,0,0,7-13 Days
2020-04-14,89,2020-04-23,9,8,0.0987654320987654,7-13 Days
2020-04-15,102,2020-04-23,8,6,0.0625,7-13 Days
2020-04-16,99,2020-04-23,7,3,0.03125,7-13 Days
2020-04-17,64,2020-04-23,6,7,0.12280701754386,5-6 Days
2020-04-18,63,2020-04-23,5,4,0.0677966101694916,5-6 Days
2020-04-19,60,2020-04-23,4,7,0.132075471698113,3-4 Days
2020-04-20,54,2020-04-23,3,8,0.173913043478261,3-4 Days
2020-04-21,26,2020-04-23,2,8,0.444444444444444,2 Days
2020-04-22,26,2020-04-23,1,21,4.2,1 Day
2020-04-23,3,2020-04-23,0,3,,Same day
,17,2020-04-24,,,,No Data
2020-03-11,1,2020-04-24,44,0,0,14 Days +
2020-03-12,0,2020-04-24,43,0,0,14 Days +
2020-03-13,1,2020-04-24,42,0,0,14 Days +
2020-03-14,1,2020-04-24,41,0,0,14 Days +
2020-03-15,2,2020-04-24,40,0,0,14 Days +
2020-03-16,2,2020-04-24,39,0,0,14 Days +
2020-03-17,1,2020-04-24,38,0,0,14 Days +
2020-03-18,6,2020-04-24,37,0,0,14 Days +
2020-03-19,7,2020-04-24,36,0,0,14 Days +
2020-03-20,9,2020-04-24,35,0,0,14 Days +
2020-03-21,8,2020-04-24,34,0,0,14 Days +
2020-03-22,12,2020-04-24,33,0,0,14 Days +
2020-03-23,11,2020-04-24,32,0,0,14 Days +
2020-03-24,20,2020-04-24,31,0,0,14 Days +
2020-03-25,23,2020-04-24,30,0,0,14 Days +
2020-03-26,31,2020-04-24,29,0,0,14 Days +
2020-03-27,32,2020-04-24,28,0,0,14 Days +
2020-03-28,35,2020-04-24,27,0,0,14 Days +
2020-03-29,39,2020-04-24,26,0,0,14 Days +
2020-03-30,43,2020-04-24,25,0,0,14 Days +
2020-03-31,47,2020-04-24,24,0,0,14 Days +
2020-04-01,53,2020-04-24,23,1,0.0192307692307692,14 Days +
2020-04-02,69,2020-04-24,22,0,0,14 Days +
2020-04-03,78,2020-04-24,21,0,0,14 Days +
2020-04-04,71,2020-04-24,20,0,0,14 Days +
2020-04-05,86,2020-04-24,19,0,0,14 Days +
2020-04-06,91,2020-04-24,18,0,0,14 Days +
2020-04-07,83,2020-04-24,17,0,0,14 Days +
2020-04-08,110,2020-04-24,16,-1,-0.00900900900900903,14 Days +
2020-04-09,84,2020-04-24,15,0,0,14 Days +
2020-04-10,89,2020-04-24,14,0,0,14 Days +
2020-04-11,98,2020-04-24,13,2,0.0208333333333333,7-13 Days
2020-04-12,96,2020-04-24,12,1,0.0105263157894737,7-13 Days
2020-04-13,84,2020-04-24,11,0,0,7-13 Days
2020-04-14,91,2020-04-24,10,2,0.0224719101123596,7-13 Days
2020-04-15,108,2020-04-24,9,6,0.0588235294117647,7-13 Days
2020-04-16,107,2020-04-24,8,8,0.0808080808080809,7-13 Days
2020-04-17,72,2020-04-24,7,8,0.125,7-13 Days
2020-04-18,72,2020-04-24,6,9,0.142857142857143,5-6 Days
2020-04-19,73,2020-04-24,5,13,0.216666666666667,5-6 Days
2020-04-20,70,2020-04-24,4,16,0.296296296296296,3-4 Days
2020-04-21,42,2020-04-24,3,16,0.615384615384615,3-4 Days
2020-04-22,40,2020-04-24,2,14,0.538461538461539,2 Days
2020-04-23,31,2020-04-24,1,28,9.33333333333333,1 Day
2020-04-24,6,2020-04-24,0,6,,Same day
,20,2020-04-25,,,,No Data
2020-03-11,1,2020-04-25,45,0,0,14 Days +
2020-03-12,0,2020-04-25,44,0,0,14 Days +
2020-03-13,1,2020-04-25,43,0,0,14 Days +
2020-03-14,1,2020-04-25,42,0,0,14 Days +
2020-03-15,2,2020-04-25,41,0,0,14 Days +
2020-03-16,2,2020-04-25,40,0,0,14 Days +
2020-03-17,1,2020-04-25,39,0,0,14 Days +
2020-03-18,6,2020-04-25,38,0,0,14 Days +
2020-03-19,7,2020-04-25,37,0,0,14 Days +
2020-03-20,9,2020-04-25,36,0,0,14 Days +
2020-03-21,8,2020-04-25,35,0,0,14 Days +
2020-03-22,12,2020-04-25,34,0,0,14 Days +
2020-03-23,11,2020-04-25,33,0,0,14 Days +
2020-03-24,20,2020-04-25,32,0,0,14 Days +
2020-03-25,23,2020-04-25,31,0,0,14 Days +
2020-03-26,31,2020-04-25,30,0,0,14 Days +
2020-03-27,32,2020-04-25,29,0,0,14 Days +
2020-03-28,35,2020-04-25,28,0,0,14 Days +
2020-03-29,39,2020-04-25,27,0,0,14 Days +
2020-03-30,43,2020-04-25,26,0,0,14 Days +
2020-03-31,47,2020-04-25,25,0,0,14 Days +
2020-04-01,53,2020-04-25,24,0,0,14 Days +
2020-04-02,69,2020-04-25,23,0,0,14 Days +
2020-04-03,78,2020-04-25,22,0,0,14 Days +
2020-04-04,71,2020-04-25,21,0,0,14 Days +
2020-04-05,86,2020-04-25,20,0,0,14 Days +
2020-04-06,91,2020-04-25,19,0,0,14 Days +
2020-04-07,83,2020-04-25,18,0,0,14 Days +
2020-04-08,110,2020-04-25,17,0,0,14 Days +
2020-04-09,84,2020-04-25,16,0,0,14 Days +
2020-04-10,89,2020-04-25,15,0,0,14 Days +
2020-04-11,98,2020-04-25,14,0,0,14 Days +
2020-04-12,97,2020-04-25,13,1,0.0104166666666667,7-13 Days
2020-04-13,84,2020-04-25,12,0,0,7-13 Days
2020-04-14,90,2020-04-25,11,-1,-0.010989010989011,7-13 Days
2020-04-15,109,2020-04-25,10,1,0.0092592592592593,7-13 Days
2020-04-16,107,2020-04-25,9,0,0,7-13 Days
2020-04-17,74,2020-04-25,8,2,0.0277777777777777,7-13 Days
2020-04-18,73,2020-04-25,7,1,0.0138888888888888,7-13 Days
2020-04-19,76,2020-04-25,6,3,0.0410958904109588,5-6 Days
2020-04-20,70,2020-04-25,5,0,0,5-6 Days
2020-04-21,46,2020-04-25,4,4,0.0952380952380953,3-4 Days
2020-04-22,43,2020-04-25,3,3,0.075,3-4 Days
2020-04-23,41,2020-04-25,2,10,0.32258064516129,2 Days
2020-04-24,19,2020-04-25,1,13,2.16666666666667,1 Day
,20,2020-04-26,,,,No Data
2020-03-11,1,2020-04-26,46,0,0,14 Days +
2020-03-12,0,2020-04-26,45,0,0,14 Days +
2020-03-13,1,2020-04-26,44,0,0,14 Days +
2020-03-14,1,2020-04-26,43,0,0,14 Days +
2020-03-15,2,2020-04-26,42,0,0,14 Days +
2020-03-16,2,2020-04-26,41,0,0,14 Days +
2020-03-17,1,2020-04-26,40,0,0,14 Days +
2020-03-18,6,2020-04-26,39,0,0,14 Days +
2020-03-19,7,2020-04-26,38,0,0,14 Days +
2020-03-20,9,2020-04-26,37,0,0,14 Days +
2020-03-21,8,2020-04-26,36,0,0,14 Days +
2020-03-22,12,2020-04-26,35,0,0,14 Days +
2020-03-23,11,2020-04-26,34,0,0,14 Days +
2020-03-24,20,2020-04-26,33,0,0,14 Days +
2020-03-25,23,2020-04-26,32,0,0,14 Days +
2020-03-26,31,2020-04-26,31,0,0,14 Days +
2020-03-27,32,2020-04-26,30,0,0,14 Days +
2020-03-28,35,2020-04-26,29,0,0,14 Days +
2020-03-29,39,2020-04-26,28,0,0,14 Days +
2020-03-30,43,2020-04-26,27,0,0,14 Days +
2020-03-31,47,2020-04-26,26,0,0,14 Days +
2020-04-01,53,2020-04-26,25,0,0,14 Days +
2020-04-02,69,2020-04-26,24,0,0,14 Days +
2020-04-03,78,2020-04-26,23,0,0,14 Days +
2020-04-04,71,2020-04-26,22,0,0,14 Days +
2020-04-05,86,2020-04-26,21,0,0,14 Days +
2020-04-06,91,2020-04-26,20,0,0,14 Days +
2020-04-07,83,2020-04-26,19,0,0,14 Days +
2020-04-08,110,2020-04-26,18,0,0,14 Days +
2020-04-09,84,2020-04-26,17,0,0,14 Days +
2020-04-10,89,2020-04-26,16,0,0,14 Days +
2020-04-11,98,2020-04-26,15,0,0,14 Days +
2020-04-12,97,2020-04-26,14,0,0,14 Days +
2020-04-13,84,2020-04-26,13,0,0,7-13 Days
2020-04-14,90,2020-04-26,12,0,0,7-13 Days
2020-04-15,109,2020-04-26,11,0,0,7-13 Days
2020-04-16,107,2020-04-26,10,0,0,7-13 Days
2020-04-17,74,2020-04-26,9,0,0,7-13 Days
2020-04-18,73,2020-04-26,8,0,0,7-13 Days
2020-04-19,76,2020-04-26,7,0,0,7-13 Days
2020-04-20,70,2020-04-26,6,0,0,5-6 Days
2020-04-21,47,2020-04-26,5,1,0.0217391304347827,5-6 Days
2020-04-22,43,2020-04-26,4,0,0,3-4 Days
2020-04-23,41,2020-04-26,3,0,0,3-4 Days
2020-04-24,19,2020-04-26,2,0,0,2 Days
2020-04-25,1,2020-04-26,1,1,,1 Day
,21,2020-04-27,,,,No Data
2020-03-11,1,2020-04-27,47,0,0,14 Days +
2020-03-12,0,2020-04-27,46,0,0,14 Days +
2020-03-13,1,2020-04-27,45,0,0,14 Days +
2020-03-14,1,2020-04-27,44,0,0,14 Days +
2020-03-15,2,2020-04-27,43,0,0,14 Days +
2020-03-16,2,2020-04-27,42,0,0,14 Days +
2020-03-17,1,2020-04-27,41,0,0,14 Days +
2020-03-18,6,2020-04-27,40,0,0,14 Days +
2020-03-19,7,2020-04-27,39,0,0,14 Days +
2020-03-20,9,2020-04-27,38,0,0,14 Days +
2020-03-21,8,2020-04-27,37,0,0,14 Days +
2020-03-22,12,2020-04-27,36,0,0,14 Days +
2020-03-23,11,2020-04-27,35,0,0,14 Days +
2020-03-24,20,2020-04-27,34,0,0,14 Days +
2020-03-25,23,2020-04-27,33,0,0,14 Days +
2020-03-26,31,2020-04-27,32,0,0,14 Days +
2020-03-27,32,2020-04-27,31,0,0,14 Days +
2020-03-28,35,2020-04-27,30,0,0,14 Days +
2020-03-29,39,2020-04-27,29,0,0,14 Days +
2020-03-30,43,2020-04-27,28,0,0,14 Days +
2020-03-31,47,2020-04-27,27,0,0,14 Days +
2020-04-01,53,2020-04-27,26,0,0,14 Days +
2020-04-02,69,2020-04-27,25,0,0,14 Days +
2020-04-03,78,2020-04-27,24,0,0,14 Days +
2020-04-04,72,2020-04-27,23,1,0.0140845070422535,14 Days +
2020-04-05,86,2020-04-27,22,0,0,14 Days +
2020-04-06,91,2020-04-27,21,0,0,14 Days +
2020-04-07,83,2020-04-27,20,0,0,14 Days +
2020-04-08,110,2020-04-27,19,0,0,14 Days +
2020-04-09,84,2020-04-27,18,0,0,14 Days +
2020-04-10,89,2020-04-27,17,0,0,14 Days +
2020-04-11,100,2020-04-27,16,2,0.0204081632653061,14 Days +
2020-04-12,97,2020-04-27,15,0,0,14 Days +
2020-04-13,84,2020-04-27,14,0,0,14 Days +
2020-04-14,90,2020-04-27,13,0,0,7-13 Days
2020-04-15,109,2020-04-27,12,0,0,7-13 Days
2020-04-16,108,2020-04-27,11,1,0.00934579439252325,7-13 Days
2020-04-17,74,2020-04-27,10,0,0,7-13 Days
2020-04-18,74,2020-04-27,9,1,0.0136986301369864,7-13 Days
2020-04-19,77,2020-04-27,8,1,0.013157894736842,7-13 Days
2020-04-20,72,2020-04-27,7,2,0.0285714285714285,7-13 Days
2020-04-21,48,2020-04-27,6,1,0.0212765957446808,5-6 Days
2020-04-22,51,2020-04-27,5,8,0.186046511627907,5-6 Days
2020-04-23,47,2020-04-27,4,6,0.146341463414634,3-4 Days
2020-04-24,30,2020-04-27,3,11,0.578947368421053,3-4 Days
2020-04-25,21,2020-04-27,2,20,20,2 Days
2020-04-26,23,2020-04-27,1,23,,1 Day
2020-04-27,2,2020-04-27,0,2,,Same day
,18,2020-04-28,,,,No Data
2020-03-11,1,2020-04-28,48,0,0,14 Days +
2020-03-12,0,2020-04-28,47,0,0,14 Days +
2020-03-13,1,2020-04-28,46,0,0,14 Days +
2020-03-14,1,2020-04-28,45,0,0,14 Days +
2020-03-15,2,2020-04-28,44,0,0,14 Days +
2020-03-16,2,2020-04-28,43,0,0,14 Days +
2020-03-17,1,2020-04-28,42,0,0,14 Days +
2020-03-18,6,2020-04-28,41,0,0,14 Days +
2020-03-19,7,2020-04-28,40,0,0,14 Days +
2020-03-20,9,2020-04-28,39,0,0,14 Days +
2020-03-21,8,2020-04-28,38,0,0,14 Days +
2020-03-22,12,2020-04-28,37,0,0,14 Days +
2020-03-23,11,2020-04-28,36,0,0,14 Days +
2020-03-24,20,2020-04-28,35,0,0,14 Days +
2020-03-25,23,2020-04-28,34,0,0,14 Days +
2020-03-26,31,2020-04-28,33,0,0,14 Days +
2020-03-27,32,2020-04-28,32,0,0,14 Days +
2020-03-28,35,2020-04-28,31,0,0,14 Days +
2020-03-29,39,2020-04-28,30,0,0,14 Days +
2020-03-30,43,2020-04-28,29,0,0,14 Days +
2020-03-31,47,2020-04-28,28,0,0,14 Days +
2020-04-01,53,2020-04-28,27,0,0,14 Days +
2020-04-02,70,2020-04-28,26,1,0.0144927536231885,14 Days +
2020-04-03,78,2020-04-28,25,0,0,14 Days +
2020-04-04,72,2020-04-28,24,0,0,14 Days +
2020-04-05,86,2020-04-28,23,0,0,14 Days +
2020-04-06,91,2020-04-28,22,0,0,14 Days +
2020-04-07,83,2020-04-28,21,0,0,14 Days +
2020-04-08,111,2020-04-28,20,1,0.00909090909090904,14 Days +
2020-04-09,85,2020-04-28,19,1,0.0119047619047619,14 Days +
2020-04-10,89,2020-04-28,18,0,0,14 Days +
2020-04-11,99,2020-04-28,17,-1,-0.01,14 Days +
2020-04-12,97,2020-04-28,16,0,0,14 Days +
2020-04-13,84,2020-04-28,15,0,0,14 Days +
2020-04-14,90,2020-04-28,14,0,0,14 Days +
2020-04-15,109,2020-04-28,13,0,0,7-13 Days
2020-04-16,108,2020-04-28,12,0,0,7-13 Days
2020-04-17,75,2020-04-28,11,1,0.0135135135135136,7-13 Days
2020-04-18,76,2020-04-28,10,2,0.027027027027027,7-13 Days
2020-04-19,77,2020-04-28,9,0,0,7-13 Days
2020-04-20,73,2020-04-28,8,1,0.0138888888888888,7-13 Days
2020-04-21,50,2020-04-28,7,2,0.0416666666666667,7-13 Days
2020-04-22,60,2020-04-28,6,9,0.176470588235294,5-6 Days
2020-04-23,54,2020-04-28,5,7,0.148936170212766,5-6 Days
2020-04-24,44,2020-04-28,4,14,0.466666666666667,3-4 Days
2020-04-25,29,2020-04-28,3,8,0.380952380952381,3-4 Days
2020-04-26,40,2020-04-28,2,17,0.739130434782609,2 Days
2020-04-27,21,2020-04-28,1,19,9.5,1 Day
2020-04-28,2,2020-04-28,0,2,,Same day
,13,2020-04-29,,,,No Data
2020-03-11,1,2020-04-29,49,0,0,14 Days +
2020-03-12,0,2020-04-29,48,0,0,14 Days +
2020-03-13,1,2020-04-29,47,0,0,14 Days +
2020-03-14,1,2020-04-29,46,0,0,14 Days +
2020-03-15,2,2020-04-29,45,0,0,14 Days +
2020-03-16,2,2020-04-29,44,0,0,14 Days +
2020-03-17,1,2020-04-29,43,0,0,14 Days +
2020-03-18,6,2020-04-29,42,0,0,14 Days +
2020-03-19,7,2020-04-29,41,0,0,14 Days +
2020-03-20,9,2020-04-29,40,0,0,14 Days +
2020-03-21,8,2020-04-29,39,0,0,14 Days +
2020-03-22,12,2020-04-29,38,0,0,14 Days +
2020-03-23,11,2020-04-29,37,0,0,14 Days +
2020-03-24,21,2020-04-29,36,1,0.05,14 Days +
2020-03-25,22,2020-04-29,35,-1,-0.0434782608695652,14 Days +
2020-03-26,31,2020-04-29,34,0,0,14 Days +
2020-03-27,32,2020-04-29,33,0,0,14 Days +
2020-03-28,35,2020-04-29,32,0,0,14 Days +
2020-03-29,39,2020-04-29,31,0,0,14 Days +
2020-03-30,43,2020-04-29,30,0,0,14 Days +
2020-03-31,48,2020-04-29,29,1,0.0212765957446808,14 Days +
2020-04-01,53,2020-04-29,28,0,0,14 Days +
2020-04-02,70,2020-04-29,27,0,0,14 Days +
2020-04-03,78,2020-04-29,26,0,0,14 Days +
2020-04-04,72,2020-04-29,25,0,0,14 Days +
2020-04-05,86,2020-04-29,24,0,0,14 Days +
2020-04-06,90,2020-04-29,23,-1,-0.010989010989011,14 Days +
2020-04-07,84,2020-04-29,22,1,0.0120481927710843,14 Days +
2020-04-08,113,2020-04-29,21,2,0.0180180180180181,14 Days +
2020-04-09,86,2020-04-29,20,1,0.0117647058823529,14 Days +
2020-04-10,91,2020-04-29,19,2,0.0224719101123596,14 Days +
2020-04-11,99,2020-04-29,18,0,0,14 Days +
2020-04-12,98,2020-04-29,17,1,0.0103092783505154,14 Days +
2020-04-13,85,2020-04-29,16,1,0.0119047619047619,14 Days +
2020-04-14,91,2020-04-29,15,1,0.0111111111111111,14 Days +
2020-04-15,110,2020-04-29,14,1,0.00917431192660545,14 Days +
2020-04-16,107,2020-04-29,13,-1,-0.0092592592592593,7-13 Days
2020-04-17,80,2020-04-29,12,5,0.0666666666666667,7-13 Days
2020-04-18,81,2020-04-29,11,5,0.0657894736842106,7-13 Days
2020-04-19,86,2020-04-29,10,9,0.116883116883117,7-13 Days
2020-04-20,75,2020-04-29,9,2,0.0273972602739727,7-13 Days
2020-04-21,59,2020-04-29,8,9,0.18,7-13 Days
2020-04-22,68,2020-04-29,7,8,0.133333333333333,7-13 Days
2020-04-23,65,2020-04-29,6,11,0.203703703703704,5-6 Days
2020-04-24,50,2020-04-29,5,6,0.136363636363636,5-6 Days
2020-04-25,39,2020-04-29,4,10,0.344827586206897,3-4 Days
2020-04-26,45,2020-04-29,3,5,0.125,3-4 Days
2020-04-27,35,2020-04-29,2,14,0.666666666666667,2 Days
2020-04-28,17,2020-04-29,1,15,7.5,1 Day
2020-04-29,4,2020-04-29,0,4,,Same day
,10,2020-04-30,,,,No Data
2020-03-11,1,2020-04-30,50,0,0,14 Days +
2020-03-12,0,2020-04-30,49,0,0,14 Days +
2020-03-13,1,2020-04-30,48,0,0,14 Days +
2020-03-14,1,2020-04-30,47,0,0,14 Days +
2020-03-15,2,2020-04-30,46,0,0,14 Days +
2020-03-16,2,2020-04-30,45,0,0,14 Days +
2020-03-17,1,2020-04-30,44,0,0,14 Days +
2020-03-18,6,2020-04-30,43,0,0,14 Days +
2020-03-19,7,2020-04-30,42,0,0,14 Days +
2020-03-20,9,2020-04-30,41,0,0,14 Days +
2020-03-21,8,2020-04-30,40,0,0,14 Days +
2020-03-22,12,2020-04-30,39,0,0,14 Days +
2020-03-23,11,2020-04-30,38,0,0,14 Days +
2020-03-24,21,2020-04-30,37,0,0,14 Days +
2020-03-25,22,2020-04-30,36,0,0,14 Days +
2020-03-26,31,2020-04-30,35,0,0,14 Days +
2020-03-27,32,2020-04-30,34,0,0,14 Days +
2020-03-28,35,2020-04-30,33,0,0,14 Days +
2020-03-29,39,2020-04-30,32,0,0,14 Days +
2020-03-30,43,2020-04-30,31,0,0,14 Days +
2020-03-31,49,2020-04-30,30,1,0.0208333333333333,14 Days +
2020-04-01,53,2020-04-30,29,0,0,14 Days +
2020-04-02,70,2020-04-30,28,0,0,14 Days +
2020-04-03,78,2020-04-30,27,0,0,14 Days +
2020-04-04,73,2020-04-30,26,1,0.0138888888888888,14 Days +
2020-04-05,86,2020-04-30,25,0,0,14 Days +
2020-04-06,90,2020-04-30,24,0,0,14 Days +
2020-04-07,84,2020-04-30,23,0,0,14 Days +
2020-04-08,114,2020-04-30,22,1,0.00884955752212391,14 Days +
2020-04-09,86,2020-04-30,21,0,0,14 Days +
2020-04-10,91,2020-04-30,20,0,0,14 Days +
2020-04-11,100,2020-04-30,19,1,0.0101010101010102,14 Days +
2020-04-12,98,2020-04-30,18,0,0,14 Days +
2020-04-13,85,2020-04-30,17,0,0,14 Days +
2020-04-14,91,2020-04-30,16,0,0,14 Days +
2020-04-15,112,2020-04-30,15,2,0.0181818181818181,14 Days +
2020-04-16,108,2020-04-30,14,1,0.00934579439252325,14 Days +
2020-04-17,80,2020-04-30,13,0,0,7-13 Days
2020-04-18,85,2020-04-30,12,4,0.0493827160493827,7-13 Days
2020-04-19,86,2020-04-30,11,0,0,7-13 Days
2020-04-20,81,2020-04-30,10,6,0.0800000000000001,7-13 Days
2020-04-21,60,2020-04-30,9,1,0.0169491525423728,7-13 Days
2020-04-22,70,2020-04-30,8,2,0.0294117647058823,7-13 Days
2020-04-23,73,2020-04-30,7,8,0.123076923076923,7-13 Days
2020-04-24,71,2020-04-30,6,21,0.42,5-6 Days
2020-04-25,48,2020-04-30,5,9,0.230769230769231,5-6 Days
2020-04-26,52,2020-04-30,4,7,0.155555555555555,3-4 Days
2020-04-27,49,2020-04-30,3,14,0.4,3-4 Days
2020-04-28,34,2020-04-30,2,17,1,2 Days
2020-04-29,26,2020-04-30,1,22,5.5,1 Day
2020-04-30,9,2020-04-30,0,9,,Same day
,10,2020-05-01,,,,No Data
2020-03-11,1,2020-05-01,51,0,0,14 Days +
2020-03-12,0,2020-05-01,50,0,0,14 Days +
2020-03-13,1,2020-05-01,49,0,0,14 Days +
2020-03-14,1,2020-05-01,48,0,0,14 Days +
2020-03-15,2,2020-05-01,47,0,0,14 Days +
2020-03-16,2,2020-05-01,46,0,0,14 Days +
2020-03-17,1,2020-05-01,45,0,0,14 Days +
2020-03-18,6,2020-05-01,44,0,0,14 Days +
2020-03-19,7,2020-05-01,43,0,0,14 Days +
2020-03-20,9,2020-05-01,42,0,0,14 Days +
2020-03-21,8,2020-05-01,41,0,0,14 Days +
2020-03-22,12,2020-05-01,40,0,0,14 Days +
2020-03-23,11,2020-05-01,39,0,0,14 Days +
2020-03-24,21,2020-05-01,38,0,0,14 Days +
2020-03-25,22,2020-05-01,37,0,0,14 Days +
2020-03-26,31,2020-05-01,36,0,0,14 Days +
2020-03-27,32,2020-05-01,35,0,0,14 Days +
2020-03-28,35,2020-05-01,34,0,0,14 Days +
2020-03-29,38,2020-05-01,33,-1,-0.0256410256410257,14 Days +
2020-03-30,44,2020-05-01,32,1,0.0232558139534884,14 Days +
2020-03-31,49,2020-05-01,31,0,0,14 Days +
2020-04-01,53,2020-05-01,30,0,0,14 Days +
2020-04-02,70,2020-05-01,29,0,0,14 Days +
2020-04-03,78,2020-05-01,28,0,0,14 Days +
2020-04-04,73,2020-05-01,27,0,0,14 Days +
2020-04-05,86,2020-05-01,26,0,0,14 Days +
2020-04-06,90,2020-05-01,25,0,0,14 Days +
2020-04-07,84,2020-05-01,24,0,0,14 Days +
2020-04-08,114,2020-05-01,23,0,0,14 Days +
2020-04-09,86,2020-05-01,22,0,0,14 Days +
2020-04-10,90,2020-05-01,21,-1,-0.010989010989011,14 Days +
2020-04-11,101,2020-05-01,20,1,0.01,14 Days +
2020-04-12,98,2020-05-01,19,0,0,14 Days +
2020-04-13,85,2020-05-01,18,0,0,14 Days +
2020-04-14,91,2020-05-01,17,0,0,14 Days +
2020-04-15,112,2020-05-01,16,0,0,14 Days +
2020-04-16,108,2020-05-01,15,0,0,14 Days +
2020-04-17,79,2020-05-01,14,-1,-0.0125,14 Days +
2020-04-18,87,2020-05-01,13,2,0.0235294117647058,7-13 Days
2020-04-19,87,2020-05-01,12,1,0.0116279069767442,7-13 Days
2020-04-20,82,2020-05-01,11,1,0.0123456790123457,7-13 Days
2020-04-21,63,2020-05-01,10,3,0.05,7-13 Days
2020-04-22,71,2020-05-01,9,1,0.0142857142857142,7-13 Days
2020-04-23,76,2020-05-01,8,3,0.0410958904109588,7-13 Days
2020-04-24,76,2020-05-01,7,5,0.0704225352112675,7-13 Days
2020-04-25,56,2020-05-01,6,8,0.166666666666667,5-6 Days
2020-04-26,60,2020-05-01,5,8,0.153846153846154,5-6 Days
2020-04-27,54,2020-05-01,4,5,0.102040816326531,3-4 Days
2020-04-28,41,2020-05-01,3,7,0.205882352941176,3-4 Days
2020-04-29,41,2020-05-01,2,15,0.576923076923077,2 Days
2020-04-30,18,2020-05-01,1,9,1,1 Day
,10,2020-05-02,,,,No Data
2020-03-11,1,2020-05-02,52,0,0,14 Days +
2020-03-12,0,2020-05-02,51,0,0,14 Days +
2020-03-13,1,2020-05-02,50,0,0,14 Days +
2020-03-14,1,2020-05-02,49,0,0,14 Days +
2020-03-15,2,2020-05-02,48,0,0,14 Days +
2020-03-16,2,2020-05-02,47,0,0,14 Days +
2020-03-17,1,2020-05-02,46,0,0,14 Days +
2020-03-18,6,2020-05-02,45,0,0,14 Days +
2020-03-19,7,2020-05-02,44,0,0,14 Days +
2020-03-20,9,2020-05-02,43,0,0,14 Days +
2020-03-21,8,2020-05-02,42,0,0,14 Days +
2020-03-22,12,2020-05-02,41,0,0,14 Days +
2020-03-23,11,2020-05-02,40,0,0,14 Days +
2020-03-24,21,2020-05-02,39,0,0,14 Days +
2020-03-25,22,2020-05-02,38,0,0,14 Days +
2020-03-26,31,2020-05-02,37,0,0,14 Days +
2020-03-27,32,2020-05-02,36,0,0,14 Days +
2020-03-28,35,2020-05-02,35,0,0,14 Days +
2020-03-29,38,2020-05-02,34,0,0,14 Days +
2020-03-30,44,2020-05-02,33,0,0,14 Days +
2020-03-31,49,2020-05-02,32,0,0,14 Days +
2020-04-01,53,2020-05-02,31,0,0,14 Days +
2020-04-02,70,2020-05-02,30,0,0,14 Days +
2020-04-03,78,2020-05-02,29,0,0,14 Days +
2020-04-04,73,2020-05-02,28,0,0,14 Days +
2020-04-05,86,2020-05-02,27,0,0,14 Days +
2020-04-06,90,2020-05-02,26,0,0,14 Days +
2020-04-07,84,2020-05-02,25,0,0,14 Days +
2020-04-08,114,2020-05-02,24,0,0,14 Days +
2020-04-09,86,2020-05-02,23,0,0,14 Days +
2020-04-10,90,2020-05-02,22,0,0,14 Days +
2020-04-11,101,2020-05-02,21,0,0,14 Days +
2020-04-12,98,2020-05-02,20,0,0,14 Days +
2020-04-13,85,2020-05-02,19,0,0,14 Days +
2020-04-14,91,2020-05-02,18,0,0,14 Days +
2020-04-15,112,2020-05-02,17,0,0,14 Days +
2020-04-16,108,2020-05-02,16,0,0,14 Days +
2020-04-17,79,2020-05-02,15,0,0,14 Days +
2020-04-18,87,2020-05-02,14,0,0,14 Days +
2020-04-19,87,2020-05-02,13,0,0,7-13 Days
2020-04-20,83,2020-05-02,12,1,0.0121951219512195,7-13 Days
2020-04-21,63,2020-05-02,11,0,0,7-13 Days
2020-04-22,71,2020-05-02,10,0,0,7-13 Days
2020-04-23,76,2020-05-02,9,0,0,7-13 Days
2020-04-24,76,2020-05-02,8,0,0,7-13 Days
2020-04-25,56,2020-05-02,7,0,0,7-13 Days
2020-04-26,60,2020-05-02,6,0,0,5-6 Days
2020-04-27,54,2020-05-02,5,0,0,5-6 Days
2020-04-28,41,2020-05-02,4,0,0,3-4 Days
2020-04-29,41,2020-05-02,3,0,0,3-4 Days
2020-04-30,22,2020-05-02,2,4,0.222222222222222,2 Days
2020-05-01,10,2020-05-02,1,10,,1 Day
2020-05-02,1,2020-05-02,0,1,,Same day
,9,2020-05-03,,,,No Data
2020-03-11,1,2020-05-03,53,0,0,14 Days +
2020-03-12,0,2020-05-03,52,0,0,14 Days +
2020-03-13,1,2020-05-03,51,0,0,14 Days +
2020-03-14,1,2020-05-03,50,0,0,14 Days +
2020-03-15,2,2020-05-03,49,0,0,14 Days +
2020-03-16,2,2020-05-03,48,0,0,14 Days +
2020-03-17,1,2020-05-03,47,0,0,14 Days +
2020-03-18,6,2020-05-03,46,0,0,14 Days +
2020-03-19,7,2020-05-03,45,0,0,14 Days +
2020-03-20,9,2020-05-03,44,0,0,14 Days +
2020-03-21,8,2020-05-03,43,0,0,14 Days +
2020-03-22,12,2020-05-03,42,0,0,14 Days +
2020-03-23,11,2020-05-03,41,0,0,14 Days +
2020-03-24,21,2020-05-03,40,0,0,14 Days +
2020-03-25,22,2020-05-03,39,0,0,14 Days +
2020-03-26,31,2020-05-03,38,0,0,14 Days +
2020-03-27,32,2020-05-03,37,0,0,14 Days +
2020-03-28,35,2020-05-03,36,0,0,14 Days +
2020-03-29,38,2020-05-03,35,0,0,14 Days +
2020-03-30,44,2020-05-03,34,0,0,14 Days +
2020-03-31,49,2020-05-03,33,0,0,14 Days +
2020-04-01,53,2020-05-03,32,0,0,14 Days +
2020-04-02,70,2020-05-03,31,0,0,14 Days +
2020-04-03,78,2020-05-03,30,0,0,14 Days +
2020-04-04,73,2020-05-03,29,0,0,14 Days +
2020-04-05,86,2020-05-03,28,0,0,14 Days +
2020-04-06,90,2020-05-03,27,0,0,14 Days +
2020-04-07,84,2020-05-03,26,0,0,14 Days +
2020-04-08,114,2020-05-03,25,0,0,14 Days +
2020-04-09,86,2020-05-03,24,0,0,14 Days +
2020-04-10,90,2020-05-03,23,0,0,14 Days +
2020-04-11,101,2020-05-03,22,0,0,14 Days +
2020-04-12,98,2020-05-03,21,0,0,14 Days +
2020-04-13,85,2020-05-03,20,0,0,14 Days +
2020-04-14,91,2020-05-03,19,0,0,14 Days +
2020-04-15,112,2020-05-03,18,0,0,14 Days +
2020-04-16,109,2020-05-03,17,1,0.0092592592592593,14 Days +
2020-04-17,79,2020-05-03,16,0,0,14 Days +
2020-04-18,87,2020-05-03,15,0,0,14 Days +
2020-04-19,87,2020-05-03,14,0,0,14 Days +
2020-04-20,83,2020-05-03,13,0,0,7-13 Days
2020-04-21,63,2020-05-03,12,0,0,7-13 Days
2020-04-22,71,2020-05-03,11,0,0,7-13 Days
2020-04-23,76,2020-05-03,10,0,0,7-13 Days
2020-04-24,76,2020-05-03,9,0,0,7-13 Days
2020-04-25,56,2020-05-03,8,0,0,7-13 Days
2020-04-26,60,2020-05-03,7,0,0,7-13 Days
2020-04-27,54,2020-05-03,6,0,0,5-6 Days
2020-04-28,42,2020-05-03,5,1,0.024390243902439,5-6 Days
2020-04-29,41,2020-05-03,4,0,0,3-4 Days
2020-04-30,23,2020-05-03,3,1,0.0454545454545454,3-4 Days
2020-05-01,11,2020-05-03,2,1,0.1,2 Days
2020-05-02,5,2020-05-03,1,4,4,1 Day
2020-05-03,3,2020-05-03,0,3,,Same day
,8,2020-05-04,,,,No Data
2020-03-11,1,2020-05-04,54,0,0,14 Days +
2020-03-12,0,2020-05-04,53,0,0,14 Days +
2020-03-13,1,2020-05-04,52,0,0,14 Days +
2020-03-14,1,2020-05-04,51,0,0,14 Days +
2020-03-15,2,2020-05-04,50,0,0,14 Days +
2020-03-16,2,2020-05-04,49,0,0,14 Days +
2020-03-17,1,2020-05-04,48,0,0,14 Days +
2020-03-18,6,2020-05-04,47,0,0,14 Days +
2020-03-19,7,2020-05-04,46,0,0,14 Days +
2020-03-20,9,2020-05-04,45,0,0,14 Days +
2020-03-21,8,2020-05-04,44,0,0,14 Days +
2020-03-22,12,2020-05-04,43,0,0,14 Days +
2020-03-23,11,2020-05-04,42,0,0,14 Days +
2020-03-24,21,2020-05-04,41,0,0,14 Days +
2020-03-25,22,2020-05-04,40,0,0,14 Days +
2020-03-26,31,2020-05-04,39,0,0,14 Days +
2020-03-27,32,2020-05-04,38,0,0,14 Days +
2020-03-28,35,2020-05-04,37,0,0,14 Days +
2020-03-29,38,2020-05-04,36,0,0,14 Days +
2020-03-30,44,2020-05-04,35,0,0,14 Days +
2020-03-31,49,2020-05-04,34,0,0,14 Days +
2020-04-01,53,2020-05-04,33,0,0,14 Days +
2020-04-02,71,2020-05-04,32,1,0.0142857142857142,14 Days +
2020-04-03,78,2020-05-04,31,0,0,14 Days +
2020-04-04,72,2020-05-04,30,-1,-0.0136986301369864,14 Days +
2020-04-05,87,2020-05-04,29,1,0.0116279069767442,14 Days +
2020-04-06,90,2020-05-04,28,0,0,14 Days +
2020-04-07,84,2020-05-04,27,0,0,14 Days +
2020-04-08,114,2020-05-04,26,0,0,14 Days +
2020-04-09,86,2020-05-04,25,0,0,14 Days +
2020-04-10,90,2020-05-04,24,0,0,14 Days +
2020-04-11,102,2020-05-04,23,1,0.00990099009900991,14 Days +
2020-04-12,97,2020-05-04,22,-1,-0.0102040816326531,14 Days +
2020-04-13,85,2020-05-04,21,0,0,14 Days +
2020-04-14,91,2020-05-04,20,0,0,14 Days +
2020-04-15,113,2020-05-04,19,1,0.0089285714285714,14 Days +
2020-04-16,108,2020-05-04,18,-1,-0.00917431192660545,14 Days +
2020-04-17,79,2020-05-04,17,0,0,14 Days +
2020-04-18,88,2020-05-04,16,1,0.0114942528735633,14 Days +
2020-04-19,88,2020-05-04,15,1,0.0114942528735633,14 Days +
2020-04-20,84,2020-05-04,14,1,0.0120481927710843,14 Days +
2020-04-21,62,2020-05-04,13,-1,-0.0158730158730159,7-13 Days
2020-04-22,73,2020-05-04,12,2,0.028169014084507,7-13 Days
2020-04-23,80,2020-05-04,11,4,0.0526315789473684,7-13 Days
2020-04-24,82,2020-05-04,10,6,0.0789473684210527,7-13 Days
2020-04-25,59,2020-05-04,9,3,0.0535714285714286,7-13 Days
2020-04-26,63,2020-05-04,8,3,0.05,7-13 Days
2020-04-27,62,2020-05-04,7,8,0.148148148148148,7-13 Days
2020-04-28,45,2020-05-04,6,3,0.0714285714285714,5-6 Days
2020-04-29,45,2020-05-04,5,4,0.0975609756097562,5-6 Days
2020-04-30,33,2020-05-04,4,10,0.434782608695652,3-4 Days
2020-05-01,22,2020-05-04,3,11,1,3-4 Days
2020-05-02,19,2020-05-04,2,14,2.8,2 Days
2020-05-03,20,2020-05-04,1,17,5.66666666666667,1 Day
2020-05-04,3,2020-05-04,0,3,,Same day
,8,2020-05-05,,,,No Data
2020-03-11,1,2020-05-05,55,0,0,14 Days +
2020-03-12,0,2020-05-05,54,0,0,14 Days +
2020-03-13,1,2020-05-05,53,0,0,14 Days +
2020-03-14,1,2020-05-05,52,0,0,14 Days +
2020-03-15,2,2020-05-05,51,0,0,14 Days +
2020-03-16,2,2020-05-05,50,0,0,14 Days +
2020-03-17,1,2020-05-05,49,0,0,14 Days +
2020-03-18,6,2020-05-05,48,0,0,14 Days +
2020-03-19,7,2020-05-05,47,0,0,14 Days +
2020-03-20,9,2020-05-05,46,0,0,14 Days +
2020-03-21,8,2020-05-05,45,0,0,14 Days +
2020-03-22,11,2020-05-05,44,-1,-0.0833333333333334,14 Days +
2020-03-23,11,2020-05-05,43,0,0,14 Days +
2020-03-24,21,2020-05-05,42,0,0,14 Days +
2020-03-25,22,2020-05-05,41,0,0,14 Days +
2020-03-26,31,2020-05-05,40,0,0,14 Days +
2020-03-27,32,2020-05-05,39,0,0,14 Days +
2020-03-28,35,2020-05-05,38,0,0,14 Days +
2020-03-29,38,2020-05-05,37,0,0,14 Days +
2020-03-30,44,2020-05-05,36,0,0,14 Days +
2020-03-31,49,2020-05-05,35,0,0,14 Days +
2020-04-01,53,2020-05-05,34,0,0,14 Days +
2020-04-02,71,2020-05-05,33,0,0,14 Days +
2020-04-03,78,2020-05-05,32,0,0,14 Days +
2020-04-04,72,2020-05-05,31,0,0,14 Days +
2020-04-05,86,2020-05-05,30,-1,-0.0114942528735632,14 Days +
2020-04-06,90,2020-05-05,29,0,0,14 Days +
2020-04-07,84,2020-05-05,28,0,0,14 Days +
2020-04-08,114,2020-05-05,27,0,0,14 Days +
2020-04-09,86,2020-05-05,26,0,0,14 Days +
2020-04-10,90,2020-05-05,25,0,0,14 Days +
2020-04-11,102,2020-05-05,24,0,0,14 Days +
2020-04-12,98,2020-05-05,23,1,0.0103092783505154,14 Days +
2020-04-13,85,2020-05-05,22,0,0,14 Days +
2020-04-14,91,2020-05-05,21,0,0,14 Days +
2020-04-15,113,2020-05-05,20,0,0,14 Days +
2020-04-16,108,2020-05-05,19,0,0,14 Days +
2020-04-17,79,2020-05-05,18,0,0,14 Days +
2020-04-18,89,2020-05-05,17,1,0.0113636363636365,14 Days +
2020-04-19,88,2020-05-05,16,0,0,14 Days +
2020-04-20,86,2020-05-05,15,2,0.0238095238095237,14 Days +
2020-04-21,62,2020-05-05,14,0,0,14 Days +
2020-04-22,73,2020-05-05,13,0,0,7-13 Days
2020-04-23,81,2020-05-05,12,1,0.0125,7-13 Days
2020-04-24,82,2020-05-05,11,0,0,7-13 Days
2020-04-25,62,2020-05-05,10,3,0.0508474576271187,7-13 Days
2020-04-26,66,2020-05-05,9,3,0.0476190476190477,7-13 Days
2020-04-27,66,2020-05-05,8,4,0.064516129032258,7-13 Days
2020-04-28,51,2020-05-05,7,6,0.133333333333333,7-13 Days
2020-04-29,55,2020-05-05,6,10,0.222222222222222,5-6 Days
2020-04-30,40,2020-05-05,5,7,0.212121212121212,5-6 Days
2020-05-01,32,2020-05-05,4,10,0.454545454545455,3-4 Days
2020-05-02,27,2020-05-05,3,8,0.421052631578947,3-4 Days
2020-05-03,31,2020-05-05,2,11,0.55,2 Days
2020-05-04,19,2020-05-05,1,16,5.33333333333333,1 Day
2020-05-05,4,2020-05-05,0,4,,Same day
,5,2020-05-06,,,,No Data
2020-03-11,1,2020-05-06,56,0,0,14 Days +
2020-03-12,0,2020-05-06,55,0,0,14 Days +
2020-03-13,1,2020-05-06,54,0,0,14 Days +
2020-03-14,1,2020-05-06,53,0,0,14 Days +
2020-03-15,2,2020-05-06,52,0,0,14 Days +
2020-03-16,2,2020-05-06,51,0,0,14 Days +
2020-03-17,1,2020-05-06,50,0,0,14 Days +
2020-03-18,6,2020-05-06,49,0,0,14 Days +
2020-03-19,7,2020-05-06,48,0,0,14 Days +
2020-03-20,9,2020-05-06,47,0,0,14 Days +
2020-03-21,8,2020-05-06,46,0,0,14 Days +
2020-03-22,11,2020-05-06,45,0,0,14 Days +
2020-03-23,11,2020-05-06,44,0,0,14 Days +
2020-03-24,21,2020-05-06,43,0,0,14 Days +
2020-03-25,22,2020-05-06,42,0,0,14 Days +
2020-03-26,31,2020-05-06,41,0,0,14 Days +
2020-03-27,32,2020-05-06,40,0,0,14 Days +
2020-03-28,35,2020-05-06,39,0,0,14 Days +
2020-03-29,38,2020-05-06,38,0,0,14 Days +
2020-03-30,44,2020-05-06,37,0,0,14 Days +
2020-03-31,49,2020-05-06,36,0,0,14 Days +
2020-04-01,53,2020-05-06,35,0,0,14 Days +
2020-04-02,71,2020-05-06,34,0,0,14 Days +
2020-04-03,78,2020-05-06,33,0,0,14 Days +
2020-04-04,72,2020-05-06,32,0,0,14 Days +
2020-04-05,86,2020-05-06,31,0,0,14 Days +
2020-04-06,90,2020-05-06,30,0,0,14 Days +
2020-04-07,84,2020-05-06,29,0,0,14 Days +
2020-04-08,114,2020-05-06,28,0,0,14 Days +
2020-04-09,86,2020-05-06,27,0,0,14 Days +
2020-04-10,90,2020-05-06,26,0,0,14 Days +
2020-04-11,102,2020-05-06,25,0,0,14 Days +
2020-04-12,96,2020-05-06,24,-2,-0.0204081632653061,14 Days +
2020-04-13,86,2020-05-06,23,1,0.0117647058823529,14 Days +
2020-04-14,91,2020-05-06,22,0,0,14 Days +
2020-04-15,113,2020-05-06,21,0,0,14 Days +
2020-04-16,109,2020-05-06,20,1,0.0092592592592593,14 Days +
2020-04-17,81,2020-05-06,19,2,0.0253164556962024,14 Days +
2020-04-18,89,2020-05-06,18,0,0,14 Days +
2020-04-19,88,2020-05-06,17,0,0,14 Days +
2020-04-20,85,2020-05-06,16,-1,-0.0116279069767442,14 Days +
2020-04-21,63,2020-05-06,15,1,0.0161290322580645,14 Days +
2020-04-22,72,2020-05-06,14,-1,-0.0136986301369864,14 Days +
2020-04-23,82,2020-05-06,13,1,0.0123456790123457,7-13 Days
2020-04-24,85,2020-05-06,12,3,0.0365853658536586,7-13 Days
2020-04-25,69,2020-05-06,11,7,0.112903225806452,7-13 Days
2020-04-26,68,2020-05-06,10,2,0.0303030303030303,7-13 Days
2020-04-27,71,2020-05-06,9,5,0.0757575757575757,7-13 Days
2020-04-28,63,2020-05-06,8,12,0.235294117647059,7-13 Days
2020-04-29,62,2020-05-06,7,7,0.127272727272727,7-13 Days
2020-04-30,48,2020-05-06,6,8,0.2,5-6 Days
2020-05-01,37,2020-05-06,5,5,0.15625,5-6 Days
2020-05-02,37,2020-05-06,4,10,0.37037037037037,3-4 Days
2020-05-03,36,2020-05-06,3,5,0.161290322580645,3-4 Days
2020-05-04,28,2020-05-06,2,9,0.473684210526316,2 Days
2020-05-05,18,2020-05-06,1,14,3.5,1 Day
2020-05-06,1,2020-05-06,0,1,,Same day
,5,2020-05-07,,,,No Data
2020-03-11,1,2020-05-07,57,0,0,14 Days +
2020-03-12,0,2020-05-07,56,0,0,14 Days +
2020-03-13,1,2020-05-07,55,0,0,14 Days +
2020-03-14,1,2020-05-07,54,0,0,14 Days +
2020-03-15,2,2020-05-07,53,0,0,14 Days +
2020-03-16,2,2020-05-07,52,0,0,14 Days +
2020-03-17,1,2020-05-07,51,0,0,14 Days +
2020-03-18,6,2020-05-07,50,0,0,14 Days +
2020-03-19,7,2020-05-07,49,0,0,14 Days +
2020-03-20,9,2020-05-07,48,0,0,14 Days +
2020-03-21,8,2020-05-07,47,0,0,14 Days +
2020-03-22,11,2020-05-07,46,0,0,14 Days +
2020-03-23,11,2020-05-07,45,0,0,14 Days +
2020-03-24,21,2020-05-07,44,0,0,14 Days +
2020-03-25,22,2020-05-07,43,0,0,14 Days +
2020-03-26,31,2020-05-07,42,0,0,14 Days +
2020-03-27,32,2020-05-07,41,0,0,14 Days +
2020-03-28,35,2020-05-07,40,0,0,14 Days +
2020-03-29,38,2020-05-07,39,0,0,14 Days +
2020-03-30,44,2020-05-07,38,0,0,14 Days +
2020-03-31,49,2020-05-07,37,0,0,14 Days +
2020-04-01,53,2020-05-07,36,0,0,14 Days +
2020-04-02,71,2020-05-07,35,0,0,14 Days +
2020-04-03,78,2020-05-07,34,0,0,14 Days +
2020-04-04,72,2020-05-07,33,0,0,14 Days +
2020-04-05,86,2020-05-07,32,0,0,14 Days +
2020-04-06,90,2020-05-07,31,0,0,14 Days +
2020-04-07,85,2020-05-07,30,1,0.0119047619047619,14 Days +
2020-04-08,115,2020-05-07,29,1,0.00877192982456143,14 Days +
2020-04-09,86,2020-05-07,28,0,0,14 Days +
2020-04-10,90,2020-05-07,27,0,0,14 Days +
2020-04-11,102,2020-05-07,26,0,0,14 Days +
2020-04-12,96,2020-05-07,25,0,0,14 Days +
2020-04-13,86,2020-05-07,24,0,0,14 Days +
2020-04-14,91,2020-05-07,23,0,0,14 Days +
2020-04-15,113,2020-05-07,22,0,0,14 Days +
2020-04-16,109,2020-05-07,21,0,0,14 Days +
2020-04-17,81,2020-05-07,20,0,0,14 Days +
2020-04-18,90,2020-05-07,19,1,0.0112359550561798,14 Days +
2020-04-19,88,2020-05-07,18,0,0,14 Days +
2020-04-20,84,2020-05-07,17,-1,-0.0117647058823529,14 Days +
2020-04-21,63,2020-05-07,16,0,0,14 Days +
2020-04-22,74,2020-05-07,15,2,0.0277777777777777,14 Days +
2020-04-23,82,2020-05-07,14,0,0,14 Days +
2020-04-24,85,2020-05-07,13,0,0,7-13 Days
2020-04-25,69,2020-05-07,12,0,0,7-13 Days
2020-04-26,69,2020-05-07,11,1,0.0147058823529411,7-13 Days
2020-04-27,72,2020-05-07,10,1,0.0140845070422535,7-13 Days
2020-04-28,66,2020-05-07,9,3,0.0476190476190477,7-13 Days
2020-04-29,66,2020-05-07,8,4,0.064516129032258,7-13 Days
2020-04-30,58,2020-05-07,7,10,0.208333333333333,7-13 Days
2020-05-01,47,2020-05-07,6,10,0.27027027027027,5-6 Days
2020-05-02,47,2020-05-07,5,10,0.27027027027027,5-6 Days
2020-05-03,44,2020-05-07,4,8,0.222222222222222,3-4 Days
2020-05-04,36,2020-05-07,3,8,0.285714285714286,3-4 Days
2020-05-05,32,2020-05-07,2,14,0.777777777777778,2 Days
2020-05-06,21,2020-05-07,1,20,20,1 Day
2020-05-07,6,2020-05-07,0,6,,Same day
2020-04-11,0,2020-04-11,0,0,0,Same day
2020-04-25,0,2020-04-25,0,0,0,Same day
2020-04-26,0,2020-04-26,0,0,0,Same day
2020-05-01,0,2020-05-01,0,0,0,Same day
